Node,Type,value0,value1,value2,value3,value4,value5,value6,value7,value8,value9,value10,value11,value12,value13,value14,value15,value16,value17,value18,value19,value20,value21,value22,value23,value24,value25,value26,value27,value28,value29,value30,value31,value32,value33,value34,value35,value36,value37,value38,value39,value40,value41,value42,value43,value44,value45,value46,value47,active0,active1,active2,active3,active4,active5,active6,active7,active8,active9,active10,active11,active12,active13,active14,active15,active16,active17,active18,active19,active20,active21,active22,active23,active24,active25,active26,active27,active28,active29,active30,active31,active32,active33,active34,active35,active36,active37,active38,active39,active40,active41,active42,active43,active44,active45,active46,active47,x,y,vy,vx,fx,fy
Sari,Clothing,35,33,33.25,33,33.5,32.25,33,33.25,34.2,35.25,35.25,37,36,37,36.6,38.75,40,39,44.5,40.25,43.4,43.5,57.25,52.2,49,49.25,50.4,51,50.75,51.6,48,53.6,53.75,54.5,55,57,56.25,55.75,56.4,56.5,57,54.25,52.5,64.6,76.5,57.5,55.8,69.75,1,1,1,1,1,1,1,1,1,1,1,1,1,1,1,1,1,1,1,1,1,1,1,1,1,1,1,1,1,1,1,1,1,1,1,1,1,1,1,1,1,1,1,1,1,1,1,1,360.1696207,30.44161484,-0.16554208,0.106113163,385.1696207,86.44161484
sandals,Clothing,41.6,44.75,61.25,66,76.5,75.75,70,57.25,40.6,31.75,29.75,32,38,41.5,53,68.5,77,79,79.5,59.25,43.2,34.25,31.5,34.8,41.75,46.25,60,75,85.75,90,86.25,61.2,43.75,36.75,33,36,42.5,47.5,65.4,86,93.4,98.5,88.25,66.2,47,38,34.4,38.5,1,1,1,1,1,1,1,1,1,1,1,1,1,1,1,1,1,1,1,1,1,1,1,1,1,1,1,1,1,1,1,1,1,1,1,1,1,1,1,1,1,1,1,1,1,1,1,1,374.1308634,39.96343896,-0.102924777,0.102973972,391.1308634,69.96343896
Corset,Clothing,54.8,55.5,51,52.2,51.5,51,52.2,53,60.8,73.25,52.5,50.8,54.75,55.25,53,57.75,52.25,51,50.75,53.5,58,69.25,54,53.8,60.25,60.25,60.2,60.25,60.5,55.6,57,59.4,66.25,79.75,60.6,57,65.25,66.25,67,61,58.8,54,53,54.4,57.75,66.75,50,50.5,1,1,1,1,1,1,1,1,1,1,1,1,1,1,1,1,1,1,1,1,1,1,1,1,1,1,1,1,1,1,1,1,1,1,1,1,1,1,1,1,1,1,1,1,1,1,1,1,381.0448407,145.2063477,-0.24712872,-0.01096501,357.0448407,45.20634393
trunks,Clothing,62.4,72,69.25,67.6,71.75,78.5,81.2,72.25,62,56,55.75,59,59,65,67.2,70.25,75.5,78.6,78,68.75,56.8,56.5,53.75,56.8,60.25,62,65.6,70.5,76.5,86.8,78.25,69,55.5,55,56.4,60.75,61.25,68.5,88.4,80.25,87,95.75,97.5,83.4,70,64.5,66.6,70.5,1,1,1,1,1,1,1,1,1,1,1,1,1,1,1,1,1,1,1,1,1,1,1,1,1,1,1,1,1,1,1,1,1,1,1,1,1,1,1,1,1,1,1,1,1,1,1,1,310.4190295,45.51438551,-0.225800566,0.015979298,309.4190295,45.51438551
Bowler hat,Clothing,55,50.25,54.75,58.4,51.25,52,56.6,66.75,61.8,79,62.75,72.4,72.75,66,74.4,70,66,60.4,59.75,60.25,63,85,64.5,71.2,62.25,62.25,61.4,57.5,55.25,54.8,54.25,53.6,55.5,77.5,62.2,59.5,54.5,61.25,53.8,54,50.4,50,47,50,49.75,65.25,52.6,50.5,1,1,1,1,1,1,1,1,1,1,1,1,1,1,1,1,1,1,1,1,1,1,1,1,1,1,1,1,1,1,1,1,1,1,1,1,1,1,1,1,1,1,1,1,1,1,1,1,269.1481006,46.18483025,-0.255524546,-0.053413287,300.1481006,63.18483025
Pleat,Clothing,81.8,80.5,83,84.8,78.25,79.75,80.8,80.75,82.6,78.25,78.5,69.4,87,81.25,83.6,86,77.25,80.6,81.5,84.25,84.6,87.75,85.75,74,84.75,87.25,88.8,90.75,84.25,83.4,88.75,89.2,90.5,90.5,92.2,75,89.25,89.5,86,85.25,87,81.75,90,92,87,88,90.6,78.5,1,1,1,1,1,1,1,1,1,1,1,1,1,1,1,1,1,1,1,1,1,1,1,1,1,1,1,1,1,1,1,1,1,1,1,1,1,1,1,1,1,1,1,1,1,1,1,1,496.4360456,126.5122249,-0.264785059,0.032045198,427.4360456,82.51222112
toga,Clothing,54.4,67,72,68.4,63,56,56,58.25,78.4,82.5,52,43.4,49.5,60.25,57.2,58.5,55.5,53.6,51.25,55.75,72.8,79.5,54,43.4,49.25,61.5,61.8,60.5,61.25,55.8,60.25,61.4,75.25,82.5,58,45.5,52.25,62,60.8,61.25,60.2,54.5,57.5,60,77.25,78.5,57.6,48.5,1,1,1,1,1,1,1,1,1,1,1,1,1,1,1,1,1,1,1,1,1,1,1,1,1,1,1,1,1,1,1,1,1,1,1,1,1,1,1,1,1,1,1,1,1,1,1,1,588.9121658,52.37744588,-0.196175469,0.208251532,569.9121658,131.3774459
shoe,Clothing,76.6,78.25,80,81.6,79.75,78,81.6,90.25,83.2,80.75,82.25,85.8,75.75,77,79.6,81,77,74.8,79.75,86,78.6,79.25,84.5,90.4,77,79.25,80.6,86.25,79,75.4,82.25,86.8,79.75,81.25,89,91.5,79.5,79.5,83.6,84.5,81.8,79,86,91,83.25,84.25,89.8,97,1,1,1,1,1,1,1,1,1,1,1,1,1,1,1,1,1,1,1,1,1,1,1,1,1,1,1,1,1,1,1,1,1,1,1,1,1,1,1,1,1,1,1,1,1,1,1,1,443.4459444,26.02276703,0.018578155,0.074790338,475.4459444,59.02276703
umbrella,Clothing,65,64,71.5,75.6,81.75,83.75,82.4,72,75.6,68.25,64.5,64.2,59.75,62.75,67.4,75.5,91.25,87,81.25,71.25,68.4,67.75,64.75,59.6,59.5,62.75,67.8,76.25,81.25,85.4,88.25,74,69.75,76.75,66.2,61.25,57.5,56.5,64.6,73.75,80.8,85.25,80.75,73,72.25,66.25,63.6,59.5,1,1,1,1,1,1,1,1,1,1,1,1,1,1,1,1,1,1,1,1,1,1,1,1,1,1,1,1,1,1,1,1,1,1,1,1,1,1,1,1,1,1,1,1,1,1,1,1,558.9505047,65.31020293,-0.215260083,-0.138809018,546.9505047,63.31020293
Messenger bag,Clothing,65.4,64,61.75,63.6,62.5,65.5,80.4,95.75,71.2,58.75,68.75,75.6,64.75,60.25,57.8,56,56.25,57.8,70.75,83.75,61.2,55.5,62.75,76.6,60,57.75,55.8,55.75,53.75,55.4,67.25,77.4,58,51.25,64.4,70.25,54.5,55.25,52,51,51,51.5,58.75,66.6,51.75,46,55.6,64,1,1,1,1,1,1,1,1,1,1,1,1,1,1,1,1,1,1,1,1,1,1,1,1,1,1,1,1,1,1,1,1,1,1,1,1,1,1,1,1,1,1,1,1,1,1,1,1,143.4838055,63.47436004,-0.146511421,0.001417046,551.4838055,262.4743677
tights,Clothing,65.2,63,54.75,53.6,50.25,46.25,47,51.75,67,85.75,84.75,84.8,72.25,67.75,63,61.75,56.5,51.6,48,55,67.4,89.25,92.5,89.2,73.75,70.25,68.2,62,57,51.8,50.75,57.2,68.5,88.25,89.2,91.75,74.5,68,62.6,59.5,56.4,50.5,51.25,55.6,66.75,87.5,83.6,83.25,1,1,1,1,1,1,1,1,1,1,1,1,1,1,1,1,1,1,1,1,1,1,1,1,1,1,1,1,1,1,1,1,1,1,1,1,1,1,1,1,1,1,1,1,1,1,1,1,527.3450625,165.3221893,-0.342905766,0.031344165,328.3450625,114.3221893
capris,Clothing,45.2,43.25,62.25,58.2,68.75,68.25,64.8,56,41.8,33.25,29.25,30.4,37,42,55,69.25,84.25,71,62.25,53.25,41,32.75,29,29,32.75,41,53.2,65.25,70.75,67.8,62,50.6,41.5,32.5,29.2,27,32.75,39,55.4,69,75.6,71,63,53.4,40,30.5,28.2,29.75,1,1,1,1,1,1,1,1,1,1,1,1,1,1,1,1,1,1,1,1,1,1,1,1,1,1,1,1,1,1,1,1,1,1,1,1,1,1,1,1,1,1,1,1,1,1,1,1,309.3546173,74.88074911,-0.290190309,-0.258868613,316.3546173,74.88074911
jersey,Clothing,59.6,56.75,57.25,55.4,55.25,56,55.2,55,53.6,65,51.75,49.4,45.25,43,43.8,44.25,46.25,49,50.25,48.75,47.8,45.5,45,46.6,46.25,45,44.8,46.5,47.25,60.4,59,50,48.25,47.5,46,46.25,45.5,43.5,43,44.75,45.4,48.5,50.75,49,47.75,46,45.2,47.25,1,1,1,1,1,1,1,1,1,1,1,1,1,1,1,1,1,1,1,1,1,1,1,1,1,1,1,1,1,1,1,1,1,1,1,1,1,1,1,1,1,1,1,1,1,1,1,1,153.3337611,115.4044363,-0.209208364,-0.102754691,208.3337611,134.404444
Kimono,Clothing,51.2,50.75,50.5,50.6,49,48.75,50,50,53.4,51.25,47.5,46,49.75,50.5,49.4,50.75,50.75,51.2,52.5,54.5,57.2,55.5,54.25,52.4,60.5,62,67,72.75,79.25,85.6,91.5,85.6,82.5,74.5,70.8,67.25,68.75,71.5,81.4,87.75,94.2,96.75,94,88.2,81,76.25,72.2,73,1,1,1,1,1,1,1,1,1,1,1,1,1,1,1,1,1,1,1,1,1,1,1,1,1,1,1,1,1,1,1,1,1,1,1,1,1,1,1,1,1,1,1,1,1,1,1,1,621.299586,79.04344458,-0.075333125,0.177564399,619.299586,149.0434522
Shirt,Clothing,58,61.5,64.25,69.8,73.75,76.5,78,79,74.4,69.25,67.25,70,62.75,65.5,69.8,76,76,78.6,81,79.75,75.8,75.5,71.75,77,68.75,70.75,75.6,81,83.75,89.6,89.75,85.6,82.5,82,80.8,82.75,72.5,74.25,78,84.75,87.4,90.25,90.75,90,89,87.75,84.6,91.25,1,1,1,1,1,1,1,1,1,1,1,1,1,1,1,1,1,1,1,1,1,1,1,1,1,1,1,1,1,1,1,1,1,1,1,1,1,1,1,1,1,1,1,1,1,1,1,1,504.6234305,39.67413136,-0.29221158,0.115524883,521.6234305,157.674139
Organic clothing,Clothing,70.8,72.75,70.5,70.4,63.75,58.25,64.8,68,72.8,58.75,61.5,65,56.5,61.75,65.4,64.5,60.25,54.2,52.75,62.25,65.8,64.25,66.75,81.4,72,63.75,66.8,61,55.5,49.4,47,48.6,57.25,58.5,61.2,59.5,60.25,54.75,54,55.75,50,50,55,59.2,62.5,58.5,64.4,66.25,1,1,1,1,1,1,1,1,1,1,1,1,1,1,1,1,1,1,1,1,1,1,1,1,1,1,1,1,1,1,1,1,1,1,1,1,1,1,1,1,1,1,1,1,1,1,1,1,401.5624023,23.75949351,-0.010007579,-0.000522413,undefined,undefined
Sequin,Clothing,49.4,45.25,41.5,40.4,34.5,32.75,34.8,38.75,45.8,51.75,75,85.2,49.75,42.75,39.6,36.75,32.5,30.6,31,33,38.8,44.5,65.5,75.8,45,39.75,38,34.5,30.75,28,28.5,32.2,37.5,43.5,69,73.75,40.75,36.5,33.2,30.25,27.8,25.25,27.5,28.8,32.25,39.5,61,72,1,1,1,1,1,1,1,1,1,1,1,1,1,1,1,1,1,1,1,1,1,1,1,1,1,1,1,1,1,1,1,1,1,1,1,1,1,1,1,1,1,1,1,1,1,1,1,1,411.2458276,84.40163241,-0.211315126,-0.013020849,411.2458276,94.40163241
Tote,Clothing,68.2,68.25,68.25,72.6,73,76.5,76.6,78.75,73,71.5,82.5,87,73.5,72.25,75,78,76.25,79.4,80.5,85.5,75,71,78.5,90.2,77.75,78.25,80,80.25,80.5,80,83.5,85.2,76.75,73.25,86.6,93.5,82.5,78.75,80.2,79.25,80.8,81.25,83.5,90,79.75,75.75,90.8,95.75,1,1,1,1,1,1,1,1,1,1,1,1,1,1,1,1,1,1,1,1,1,1,1,1,1,1,1,1,1,1,1,1,1,1,1,1,1,1,1,1,1,1,1,1,1,1,1,1,205.1995794,42.53241604,-0.034317032,0.000648089,277.1995794,123.532416
Robe,Clothing,40.8,42.5,47.75,50.4,48.5,45,41.2,36.25,40.2,41,44.25,45.8,41.25,42.5,47.2,48,49.75,47.2,43.75,39.5,40,42.25,46.25,51.4,47.75,49.5,52.8,56,58.5,57.8,51,45.2,45.75,48,54.2,56.5,48,63.25,66.6,59.75,63.2,61.75,55,48,46.75,50.75,52.8,60.5,1,1,1,1,1,1,1,1,1,1,1,1,1,1,1,1,1,1,1,1,1,1,1,1,1,1,1,1,1,1,1,1,1,1,1,1,1,1,1,1,1,1,1,1,1,1,1,1,588.635075,98.35568175,-0.141402943,0.074391325,390.635075,194.3556894
cloak,Clothing,59.8,56.5,56.25,53,50.25,49.5,51.2,55.25,52.6,62.25,59.5,66.2,60.5,62.75,67.4,61.75,62.75,61.6,61,62.25,71.4,74.25,68.25,70.8,67.25,66.25,75.4,69,67.25,68.6,74.5,68.4,89.5,86.25,61.4,61.25,58.75,53.5,51.6,50,50.6,48.5,54,54.4,72.5,75.25,52,56.75,1,1,1,1,1,1,1,1,1,1,1,1,1,1,1,1,1,1,1,1,1,1,1,1,1,1,1,1,1,1,1,1,1,1,1,1,1,1,1,1,1,1,1,1,1,1,1,1,656.1584829,104.4685939,-0.221632034,0.061544711,612.1584829,254.4686016
Busby,Clothing,48.8,61.75,46.75,44.2,46.75,48,42.4,45.5,55.2,40.25,42.5,38.8,42,56.75,44.8,46,62,44.4,45.25,48.5,49.4,46,45.5,42.8,49,49.75,45.2,48.5,43.25,41,55.5,51.8,51,46.25,43.2,39.25,41.25,50.25,40.6,45,44,44.75,43.5,49.2,41.75,42.75,38.2,36.5,1,1,1,1,1,1,1,1,1,1,1,1,1,1,1,1,1,1,1,1,1,1,1,1,1,1,1,1,1,1,1,1,1,1,1,1,1,1,1,1,1,1,1,1,1,1,1,1,107.016248,91.0632214,-0.038468116,-0.25323249,142.016248,128.0632291
Little black dress,Clothing,28.8,31,27,27.2,27.25,25.25,24.8,28.5,35.2,34.5,43,33.2,28.75,28.25,25.6,27,24.75,22.8,28.25,26.25,30.8,32.75,66.5,52.6,39,34.5,32,35.5,35,30.8,33.25,31.8,34.75,36.75,36.8,34,29,31,29.2,27.75,28.2,24.75,26.25,27,31,34,35.8,31.75,1,1,1,1,1,1,1,1,1,1,1,1,1,1,1,1,1,1,1,1,1,1,1,1,1,1,1,1,1,1,1,1,1,1,1,1,1,1,1,1,1,1,1,1,1,1,1,1,181.9980478,107.3122328,-0.075871801,-0.245987393,266.9980478,326.3122405
twill,Clothing,73.8,73,76,73.2,71.5,67.75,75.6,75.5,73.6,73.25,81.5,79,76.75,68.75,74.4,72,69.5,71.6,73.75,81.5,83.8,80.75,87.25,87.4,80,75.25,78.8,80.25,74.25,71,75.75,78,74.25,78.5,83.4,81,76,74.75,75.4,78,74.2,72,73.75,75.8,76.5,78.75,82.4,84,1,1,1,1,1,1,1,1,1,1,1,1,1,1,1,1,1,1,1,1,1,1,1,1,1,1,1,1,1,1,1,1,1,1,1,1,1,1,1,1,1,1,1,1,1,1,1,1,499.5572592,229.3800333,-0.226259259,0.069647962,667.5572592,138.3800409
CFDA Fashion Awards,Event,1.2,1.25,1.25,1,1,3,1,1,1,1,1,0.6,1,1,1,0.75,0.75,2,0.75,0.75,0.8,0.75,1.25,0.4,1,1,1,0.5,0.75,24.2,1.5,1.2,1.25,1.25,1.8,1.25,1.25,0.75,1,1,3,1,1.25,1,0.75,1.25,0.8,0.75,0,0,0,1,1,1,1,1,0,0,0,0,0,0,0,1,1,1,1,1,0,0,0,0,0,0,0,1,1,1,1,1,0,0,0,0,0,0,0,1,1,1,1,1,0,0,0,0,430,580.5306606,-0.004054378,0.009170234,undefined,undefined
waistcoat,Clothing,43.6,44.25,42.75,45.6,46.5,49,44,45,47.6,52.25,54,52.8,50,46.25,51,51.75,51.5,52.2,48.75,52,52.4,61,65.5,66.4,63.75,59.75,60.8,64,63,60.6,56,59.8,64,73.5,80.6,77.75,73.75,73.25,73,74,75.2,70.5,72.75,74.8,79,84.5,90.2,90.75,1,1,1,1,1,1,1,1,1,1,1,1,1,1,1,1,1,1,1,1,1,1,1,1,1,1,1,1,1,1,1,1,1,1,1,1,1,1,1,1,1,1,1,1,1,1,1,1,248.9366873,129.9993487,-0.359332149,-0.145654731,317.9366873,242.9993487
Sombrero,Clothing,39.8,46.75,56.25,59.8,54.75,51.5,47.8,47,49.8,55.75,46.25,43.2,45.75,45.25,44.2,54.75,55,49.2,49,50.5,48.6,58.5,49,44.6,45.5,50,49.8,55.25,57.5,55.6,51.25,51.6,54.25,68,57,55,56.75,61.5,58.4,66.5,68,64,61.25,64.2,69.75,78.75,62.6,58.5,1,1,1,1,1,1,1,1,1,1,1,1,1,1,1,1,1,1,1,1,1,1,1,1,1,1,1,1,1,1,1,1,1,1,1,1,1,1,1,1,1,1,1,1,1,1,1,1,88.73043785,131.6018313,-0.127196279,-0.369672002,101.7304379,132.6018313
brassiere,Clothing,59.2,60,67,56.8,57.5,64,68,58.5,60.8,54.5,57.75,53.8,56.75,57,55,58,58.5,59.4,65,56,58.8,57.5,56.75,52,64.25,62,61.6,66.25,62.75,67.8,69.25,68.4,67.5,63,66.2,65.5,71.5,72.25,76.2,77.25,81,84,83.75,76.6,76,71.25,73.4,79,1,1,1,1,1,1,1,1,1,1,1,1,1,1,1,1,1,1,1,1,1,1,1,1,1,1,1,1,1,1,1,1,1,1,1,1,1,1,1,1,1,1,1,1,1,1,1,1,574.9534217,133.1619363,-0.111536625,-0.03248959,431.9534217,324.1619363
Lapel pin,Clothing,34,32.75,31,35.2,47.75,27.5,29,40.5,49,59,40.5,33.4,32,36.75,34.6,38,33.25,28.8,29,28,35.2,38.25,44,35.6,38,37.5,40,40.25,39.25,33.8,36.5,33.6,41.25,48,56,44,44.75,46.5,45.8,44.5,43.4,40,39.75,40.4,47.25,51.25,58.2,50,1,1,1,1,1,1,1,1,1,1,1,1,1,1,1,1,1,1,1,1,1,1,1,1,1,1,1,1,1,1,1,1,1,1,1,1,1,1,1,1,1,1,1,1,1,1,1,1,229.1544568,146.2327388,-0.287317657,-0.120065898,305.1544568,146.2327388
briefs,Clothing,81.2,79.75,78.75,81.4,78,83.25,91.6,94.25,86.4,80.5,82.5,88.4,81.5,83.75,80.8,84.75,80.25,82.6,90,88.75,81,80.5,84.25,86,77.75,79.75,77,79.5,78.5,81.8,84.75,84.6,76.5,76,79,84,80.5,77.75,77.8,79.25,83,81.5,85.25,83.6,80.25,77,84,92.25,1,1,1,1,1,1,1,1,1,1,1,1,1,1,1,1,1,1,1,1,1,1,1,1,1,1,1,1,1,1,1,1,1,1,1,1,1,1,1,1,1,1,1,1,1,1,1,1,61.21264211,161.1022588,-0.109827895,-0.036482251,169.2126421,193.1022588
Straw hat,Clothing,47.2,51.5,57.25,61.4,68.5,77,74.2,62.75,49.6,52.25,45.25,50.8,47.25,51.25,59,68,73.5,77,82.25,62.25,50,53,45.5,47,48.25,50.25,61.6,71.5,74,80.8,79.25,61.8,55,55.75,45,48.5,50,52.25,63,76.25,78.6,90.25,82.75,72.4,72.5,64.25,47.8,54.5,1,1,1,1,1,1,1,1,1,1,1,1,1,1,1,1,1,1,1,1,1,1,1,1,1,1,1,1,1,1,1,1,1,1,1,1,1,1,1,1,1,1,1,1,1,1,1,1,113.2553949,166.6708038,-0.278937863,-0.220877649,130.2553949,177.6708038
Choker,Clothing,20.8,20.25,19.25,21.8,20,21.25,22.4,21.25,22,23.75,22.5,22,21,21.5,23,22.75,23.25,22,21.5,25,25,27,26.25,29.2,29,33,34.6,42.25,48,48.8,59.75,68.4,69.75,72.75,76.4,82,75.5,75.5,80.6,77.5,79.8,86,85.25,79.2,71.5,73.75,68,76.25,1,1,1,1,1,1,1,1,1,1,1,1,1,1,1,1,1,1,1,1,1,1,1,1,1,1,1,1,1,1,1,1,1,1,1,1,1,1,1,1,1,1,1,1,1,1,1,1,366.4766354,175.7499256,-0.117612293,0.095719003,undefined,undefined
garters,Clothing,71.4,71.75,74.5,88.4,72.5,64.75,69.2,67.25,80,66,54.75,56.4,66.75,71.25,70.8,82.25,62.5,58.2,57,59,75.4,66.25,50.75,60.4,73.25,66,64.6,77,58.5,59,52,57.2,70.25,60.75,48.2,50,53.5,56.25,58.2,63,54.2,49.25,50.5,51.2,65,55.25,45,48,1,1,1,1,1,1,1,1,1,1,1,1,1,1,1,1,1,1,1,1,1,1,1,1,1,1,1,1,1,1,1,1,1,1,1,1,1,1,1,1,1,1,1,1,1,1,1,1,656.1681358,158.0499707,-0.154741342,0.270380648,642.1681358,207.0499707
Buckskins,Clothing,47.8,31.25,33,33.8,47.5,36.5,36.6,49.75,26.6,41.25,31,38.6,22.25,23.75,41.2,39.5,37.75,34.4,44.25,41.75,22.8,32.75,27.25,32.6,32,37.25,26.4,26.5,19.5,24.6,26.25,29.6,30.25,28.5,33.8,17.25,32,38.5,28.8,34.5,25.2,32.75,27.5,29,37.75,30.5,27.4,27.75,1,1,1,1,1,1,1,1,1,1,1,1,1,1,1,1,1,1,1,1,1,1,1,1,1,1,1,1,1,1,1,1,1,1,1,1,1,1,1,1,1,1,1,1,1,1,1,1,700,201,0.005715685,0.007309124,undefined,undefined
Fishnet,Clothing,69.6,75,67.5,71.8,71.5,71,70,69,74.2,81.5,69.75,72.8,70.5,67.5,66.2,69,68,64.4,70.75,66.25,73.4,80.5,68.75,69.4,69.25,77.25,75.2,72,69,75.8,70.5,71.2,72.5,82.75,74.2,73.5,72,72.5,69.6,67.5,68.2,65.25,65.75,66.4,67.5,81.25,69.2,74.5,1,1,1,1,1,1,1,1,1,1,1,1,1,1,1,1,1,1,1,1,1,1,1,1,1,1,1,1,1,1,1,1,1,1,1,1,1,1,1,1,1,1,1,1,1,1,1,1,503.8508496,297.1830921,-0.15254585,0.068599273,undefined,undefined
cardigan,Clothing,58.4,55.25,51.75,55,51.5,50.75,50.4,57.25,68.6,71.5,75.75,74.8,63,56.75,57.8,56,55.25,51.4,51.75,60.75,72.4,79,82.75,84.4,70.5,64.25,61.4,65,61.5,56.2,60,69.8,78.25,82,89.4,87.5,71,64.75,63.6,64.5,65,60.5,61.25,68.4,83.25,91.75,91.8,91.5,1,1,1,1,1,1,1,1,1,1,1,1,1,1,1,1,1,1,1,1,1,1,1,1,1,1,1,1,1,1,1,1,1,1,1,1,1,1,1,1,1,1,1,1,1,1,1,1,44.83220087,211.0510865,-0.149228804,-0.293029437,50.83220087,215.0510865
Academy Awards,Event,37.6,48.75,28.5,30.2,27.75,26.75,27.8,27.5,16,27.5,19,18.6,32.5,39.25,40.4,26.75,23.75,21.2,17.5,32.5,26.6,22,17.75,20.2,25.5,38.75,28.4,23.25,22.75,23,18.75,23.4,13.25,18.5,22.6,24.25,34.25,45.25,23.8,16.75,16,24.25,19.25,15.4,16.25,35.5,20.4,21.25,1,1,1,1,0,0,0,0,0,0,0,0,1,1,1,1,0,0,0,0,0,0,0,0,1,1,1,1,0,0,0,0,0,0,0,0,1,1,1,1,0,0,0,0,0,0,0,0,361.6857,287.7124714,-0.186322624,0.107503804,589.6857,294.7124714
Pitti Immagine,Event,43.2,8.75,9,9.6,24.5,39.5,7.4,7.5,14,10.75,14.75,20.8,37.25,10.5,7.2,10.5,16,29,6,4,5.6,10.25,14,19,35.5,9.25,12.8,7,17.25,28.6,7,5.4,9.5,8.5,10.4,12.5,36.75,7,4.8,7.5,12.6,26.5,5.75,4.2,7.5,4.75,6.8,8.25,1,1,1,1,1,1,1,1,0,0,0,0,1,1,1,1,1,1,1,1,0,0,0,0,1,1,1,1,1,1,1,1,0,0,0,0,1,1,1,1,1,1,1,1,0,0,0,0,266.8928883,113.0857148,-0.287862212,-0.085543536,368.8928883,238.0857148
Cocktail dress,Clothing,72.8,76,69.75,68.8,63.75,61.5,64,65,75.2,68,82.5,64.8,78.5,78.5,68,67.25,58,54.4,57,61,68.6,65.75,79,68,79.75,80.25,73.2,67.75,61.75,56.2,59.25,63.4,70.5,67.75,87.6,62.75,78.25,85,70.6,66.25,61,53.5,60.5,64,71.75,68.75,85.2,65.5,1,1,1,1,1,1,1,1,1,1,1,1,1,1,1,1,1,1,1,1,1,1,1,1,1,1,1,1,1,1,1,1,1,1,1,1,1,1,1,1,1,1,1,1,1,1,1,1,667.9762484,233.8727676,-0.016122655,0.24686355,705.9762484,250.8727676
turtleneck,Clothing,35.4,25.75,20,16.8,15,14.75,15.4,21,31,44.75,48,49.8,35.5,28.75,22.4,18.25,15.75,15,15.75,20.25,30.2,45.25,54.25,58.4,39.25,29.25,23.2,19,17.25,15.2,18.75,23.6,35.25,51.25,67.2,77.25,50.75,41.25,31.6,25.5,24,21.75,22.75,29.8,47.5,74.5,84,88.25,1,1,1,1,1,1,1,1,1,1,1,1,1,1,1,1,1,1,1,1,1,1,1,1,1,1,1,1,1,1,1,1,1,1,1,1,1,1,1,1,1,1,1,1,1,1,1,1,47.05646617,241.567052,-0.151920039,-0.370542167,217.0564662,291.567052
Milan Men's Fashion Week,Event,40.4,5.5,16.25,13.4,21.5,40.25,24,5.5,12.6,5,4.75,16.2,54,22.5,20.8,17.75,17.25,36.8,15.75,4.5,13,16.25,19.75,8.4,55.75,22.75,19.6,15.25,21,39.2,8.5,7,18,12,18.2,16,36.25,25,26.2,20.25,8.6,37.75,16.5,7,12,9.75,15.8,14,0,0,0,0,0,0,1,1,1,1,1,0,0,0,0,0,0,0,1,1,1,1,1,0,0,0,0,0,0,0,1,1,1,1,1,0,0,0,0,0,0,0,1,1,1,1,1,0,544.5570217,209.3841592,-0.111587739,0.200639242,558.5570217,313.3841439
wader,Clothing,36.6,40.25,41.25,42,39,42.5,38.6,42.25,40.8,41.5,54,50.4,33.5,34.75,54.4,35.75,34.25,33.8,30.75,32.5,34.8,41,53.25,50.2,34.75,33.25,34.8,35,34.75,30,30.75,33.8,36.25,36.75,50.6,45.25,34,35.5,37.6,37,37.4,35,34.75,35.4,35,40.25,52.8,60.75,1,1,1,1,1,1,1,1,1,1,1,1,1,1,1,1,1,1,1,1,1,1,1,1,1,1,1,1,1,1,1,1,1,1,1,1,1,1,1,1,1,1,1,1,1,1,1,1,714.9256521,258.2784643,-0.112943131,0.190455027,undefined,undefined
Spandex,Clothing,72.2,74.5,78,78.4,74,74.5,87.2,86.5,86.4,92,80.75,81.6,82.5,82.25,83.8,85.75,82.75,82.6,84,85.5,88.6,94,82.5,82.2,81.75,84,81.4,87,85.25,83.6,86.75,85.2,85.5,90.25,78,76,77.75,77.75,80.4,78.25,79,75.5,76.25,77.2,77,83.25,74.2,72,1,1,1,1,1,1,1,1,1,1,1,1,1,1,1,1,1,1,1,1,1,1,1,1,1,1,1,1,1,1,1,1,1,1,1,1,1,1,1,1,1,1,1,1,1,1,1,1,630.506993,435.5892888,-0.033129158,0.179747219,undefined,undefined
ring,Clothing,73.6,73,68.5,72,75.25,75,73.2,74.5,72.2,72,74,84.2,76,73.5,72.2,72.75,73,82.2,77,77,78,79.75,78,86.2,77.5,80.75,74,77,75.25,77.2,76.25,74.4,74,74.25,79.6,89,81.5,81.75,77.8,78.25,80.4,79.5,85.75,79.4,77.5,78,81,92.75,1,1,1,1,1,1,1,1,1,1,1,1,1,1,1,1,1,1,1,1,1,1,1,1,1,1,1,1,1,1,1,1,1,1,1,1,1,1,1,1,1,1,1,1,1,1,1,1,56.46002067,273.2823948,0.06865518,-0.107493836,50.46002067,295.2823948
jumpsuit,Clothing,33.8,34.75,36.75,41.8,45.25,43.75,42,37.75,37.8,40.75,35.5,40.6,36,38,41.2,43.75,46.25,51.2,53.75,46.75,45.6,55.25,53.5,55,53.5,58.75,66.2,71.5,75.5,76.8,72,61.2,61.25,70.75,75.8,75,64.25,69.5,77,83.5,93.8,93.5,87,75.8,70.75,82,85,88.25,1,1,1,1,1,1,1,1,1,1,1,1,1,1,1,1,1,1,1,1,1,1,1,1,1,1,1,1,1,1,1,1,1,1,1,1,1,1,1,1,1,1,1,1,1,1,1,1,303.5017273,275.7547764,-0.330861414,-0.290907928,undefined,undefined
Sweater,Clothing,19.4,16,12.75,11.6,9.5,9.75,10.4,13.5,20,26.75,37.25,42,24,19.75,16.8,14.75,13,12,14,17.75,24.2,33.75,49,59.4,32.5,27.5,20.8,17.5,15,13.2,15,18,26,32.75,60.2,70.75,30,24.25,19,15.75,15,13.25,14.5,17.4,25.25,35.25,65,77.5,1,1,1,1,1,1,1,1,1,1,1,1,1,1,1,1,1,1,1,1,1,1,1,1,1,1,1,1,1,1,1,1,1,1,1,1,1,1,1,1,1,1,1,1,1,1,1,1,333.7871433,266.4914151,-0.256465859,-0.150090684,undefined,undefined
Handkerchief,Clothing,65.6,78.25,77,83.2,88.5,87.75,79,77.25,83.8,80,76.25,89.4,80.75,83,84.2,91.5,92.5,88,78,80.25,75.4,76.75,77,86.4,74.25,77.25,82.4,86.75,87.5,77.2,70.5,72.6,75,79,78.6,83.25,74.25,74.25,77,89.75,89.2,82,81.5,75.8,79,78.75,82.2,85.25,1,1,1,1,1,1,1,1,1,1,1,1,1,1,1,1,1,1,1,1,1,1,1,1,1,1,1,1,1,1,1,1,1,1,1,1,1,1,1,1,1,1,1,1,1,1,1,1,670.2964547,277.0334277,-0.233809502,0.119364445,undefined,undefined
Headband,Clothing,40.8,41.5,39.5,44.6,42,46,46,48.25,49,59.25,55.5,58.2,50.5,45.75,47.4,51.75,55.5,68,67,69.75,66.2,79,73,81.2,69.25,64,65.4,65,61.75,61,65.25,59.2,60.25,80.75,73.6,74.25,61.5,59.25,63.4,59.75,58,59,57,54.8,58.5,77.5,61.2,65.5,1,1,1,1,1,1,1,1,1,1,1,1,1,1,1,1,1,1,1,1,1,1,1,1,1,1,1,1,1,1,1,1,1,1,1,1,1,1,1,1,1,1,1,1,1,1,1,1,719.102688,296.8216276,-0.092512069,0.119240839,undefined,undefined
tutu,Clothing,37.6,38,37,38.6,38.75,35.75,36.2,38.5,52,65,41.5,38.2,41,41.75,39.2,39.25,39,39,39.75,39,46.6,67.5,44.75,61.8,45,44.75,45.4,42.75,43.25,41,42.75,44,54,77,45.8,40,42,44.75,43.2,42.25,43,42.25,41.5,43.2,52.75,77,45,40.25,1,1,1,1,1,1,1,1,1,1,1,1,1,1,1,1,1,1,1,1,1,1,1,1,1,1,1,1,1,1,1,1,1,1,1,1,1,1,1,1,1,1,1,1,1,1,1,1,629.737705,271.0103037,-0.239109,0.10134797,undefined,undefined
Hoodie,Clothing,35.8,35,40.75,37.8,30,27.75,30.2,34.5,41.8,49,56.25,61.4,43,45,39.8,34,30,28.4,32.5,38.5,46.4,55.5,64.75,72.6,48.25,46,42.2,37.5,35.25,30.2,32.25,41,52,62,78.6,78.75,55.75,51.25,44.8,39,36.6,32.25,35.25,41.4,55,66,82.6,89,1,1,1,1,1,1,1,1,1,1,1,1,1,1,1,1,1,1,1,1,1,1,1,1,1,1,1,1,1,1,1,1,1,1,1,1,1,1,1,1,1,1,1,1,1,1,1,1,42.60377374,302.6486546,0.071929237,-0.327896945,113.6037737,305.6486546
Miniskirt,Clothing,51,49.75,53.75,54.4,57,57,56.4,56.25,55.8,53,53,57.6,52.5,52.25,52.4,53.75,54,58.8,57.5,59,57.2,58.5,57.75,63.8,77,85.25,71.4,72.5,72.75,78.8,69.5,68.6,61.5,60,65,67,60.25,59.75,57.6,58.5,57.8,58,58.25,63,56,54,50.2,54.5,1,1,1,1,1,1,1,1,1,1,1,1,1,1,1,1,1,1,1,1,1,1,1,1,1,1,1,1,1,1,1,1,1,1,1,1,1,1,1,1,1,1,1,1,1,1,1,1,196.2905588,191.9500316,0.121156174,-0.101834163,122.2905588,326.9500163
wig,Clothing,39.2,41.25,39,41.4,44,39.5,39.2,40.75,48.8,64,38.5,37.6,41.5,42,41.2,40.25,40.25,39.8,40.75,42.75,48.8,66.75,41.5,41,44.75,45.5,44.2,43.75,43.25,42.6,44.5,46.8,53.25,72.25,43.8,42.25,44.25,47.75,45,44,43.2,42.25,44,47.2,56,80,47.4,46.75,1,1,1,1,1,1,1,1,1,1,1,1,1,1,1,1,1,1,1,1,1,1,1,1,1,1,1,1,1,1,1,1,1,1,1,1,1,1,1,1,1,1,1,1,1,1,1,1,656.7252904,326.5717135,-0.193218354,0.266795562,undefined,undefined
vest,Clothing,65.4,63.75,61.5,61.4,60.5,62.25,63.4,66.5,71,76,77.75,79.8,69,63.25,63.4,65,61,60.6,62.25,63.25,68,79.25,83.5,86,72.5,65.75,64.8,64,62.75,61.4,63.75,65.8,73.5,82,90.6,89.5,73.75,66.75,65.4,63.75,63.6,62.5,63.75,65,72.75,85.25,90,91.25,1,1,1,1,1,1,1,1,1,1,1,1,1,1,1,1,1,1,1,1,1,1,1,1,1,1,1,1,1,1,1,1,1,1,1,1,1,1,1,1,1,1,1,1,1,1,1,1,247.01582,284.9905289,-0.282750235,-0.166459051,64.01582001,330.9905289
Platform shoe,Clothing,71.4,76,66.5,84.6,70.25,62.25,69,67.75,71.2,67.5,60.5,59,58.75,61,65.6,63.5,59.5,51.4,52.5,56,47.6,53.5,47.25,49,47,56.25,56.6,54.5,56.5,50.6,50.5,50,47.5,43.75,46.6,51,42.5,48.5,50.4,48,43.4,38.25,41.5,36.8,44.5,41,33.8,32,1,1,1,1,1,1,1,1,1,1,1,1,1,1,1,1,1,1,1,1,1,1,1,1,1,1,1,1,1,1,1,1,1,1,1,1,1,1,1,1,1,1,1,1,1,1,1,1,339.5211084,243.0976034,-0.029307758,0.172124693,775.5211237,331.0975881
dress,Clothing,26.8,28.75,28,29,28.75,28,27.8,27.5,28,29.75,26.75,25.8,27.25,28.25,28.2,28.5,28,26.6,27.25,26.75,26.4,28.5,27,26.2,27.25,27.5,29.4,30.25,29.75,30.2,29.25,28,28.75,30.25,28.2,26.75,27,45.75,37,31.75,30.6,28.25,28.75,28.4,29.25,30.75,28.6,28.25,1,1,1,1,1,1,1,1,1,1,1,1,1,1,1,1,1,1,1,1,1,1,1,1,1,1,1,1,1,1,1,1,1,1,1,1,1,1,1,1,1,1,1,1,1,1,1,1,683.0717657,339.5731893,0.090326146,0.120962797,undefined,undefined
Flannel,Clothing,31.4,23.75,19.25,17.6,15.75,15.5,17.2,20.75,30.4,40.5,53,52,30.75,24.75,20.6,19.5,17,15.6,17.75,23.75,32.4,47.25,62.5,67.2,37.25,30.25,25.4,23.5,21.25,19.8,25.25,32.6,46.75,57.5,83.4,75.25,46,38,30.2,26.75,25,24.5,27.25,35.8,49.25,66.25,81,79.75,1,1,1,1,1,1,1,1,1,1,1,1,1,1,1,1,1,1,1,1,1,1,1,1,1,1,1,1,1,1,1,1,1,1,1,1,1,1,1,1,1,1,1,1,1,1,1,1,337.5078038,351.109132,-0.185185616,-0.123794092,undefined,undefined
pullover,Clothing,29.8,28,20.25,20.4,17,17.25,18.2,22,35.6,43.25,49.5,51.4,37.75,34,29.2,23.5,22.75,19.4,19.5,27,42.8,51.75,64.25,67,48.25,40.5,31.4,28.25,24.75,21.6,22.75,33.6,43.75,53.25,70.4,72,52.75,45.75,36,29.5,26.8,23.75,24.5,30.6,51,64.25,80.8,83.75,1,1,1,1,1,1,1,1,1,1,1,1,1,1,1,1,1,1,1,1,1,1,1,1,1,1,1,1,1,1,1,1,1,1,1,1,1,1,1,1,1,1,1,1,1,1,1,1,491.7774867,354.3841093,0.088587611,0.228853446,undefined,undefined
zoris,Clothing,77.4,59.5,56,59,48.5,43.75,46.4,45.75,47,36,37.75,40.4,46.25,42.5,39,30.75,34,35.8,36.25,28.5,35.6,20.25,33.5,28,31.5,37.5,27.2,40.25,34.25,41.2,26.25,31,27.75,24,32.8,36.25,26.5,39.25,30.4,29.5,27.2,33.25,37.25,25.2,33.5,31.25,28.8,34.25,1,1,1,1,1,1,1,1,1,1,1,1,1,1,1,1,1,1,1,1,1,1,1,1,1,1,1,1,1,1,1,1,1,1,1,1,1,1,1,1,1,1,1,1,1,1,1,1,555.3359254,344.5847106,-0.068715532,0.153328417,undefined,undefined
loafers,Clothing,44.6,47,55.75,57,55.75,59,61.6,71.75,66.6,61,57.5,60.8,56,57.5,66.2,72,66.75,61.4,67,74.25,70.6,66.5,63.75,67.8,62,63.5,79.4,85,90.25,78.2,79,83,81.5,77.75,74,78.5,70.5,70.25,81,91.75,88.2,85,85.75,88.2,88,86,81.8,89,1,1,1,1,1,1,1,1,1,1,1,1,1,1,1,1,1,1,1,1,1,1,1,1,1,1,1,1,1,1,1,1,1,1,1,1,1,1,1,1,1,1,1,1,1,1,1,1,237.1648118,339.5936657,-0.105239836,-0.371781927,undefined,undefined
Boater,Clothing,22.6,22.75,31.25,39,57.25,62.25,70.8,46.5,28.2,22,18,19.2,21.75,27,27.8,39.75,52.75,68.4,62.75,44.75,29.2,24.25,16.25,17.4,18.75,21.5,28.8,38.25,54,68.8,67.25,43.6,25.25,22.25,19,19,20,24,29,38.75,53.8,66,75.75,45.6,26.25,24.75,19.8,22.5,1,1,1,1,1,1,1,1,1,1,1,1,1,1,1,1,1,1,1,1,1,1,1,1,1,1,1,1,1,1,1,1,1,1,1,1,1,1,1,1,1,1,1,1,1,1,1,1,364.9920736,404.5566849,-0.090519265,-0.067571414,undefined,undefined
Morning dress,Clothing,26.4,29.25,26.75,24.4,29,28.25,25.8,21.75,29.6,27.25,28,21.2,24,28.5,25.2,35.25,32.25,34.4,32.75,24,29.8,30.25,31.25,22.8,30,25,29.4,32,33.25,30.4,29.75,30.8,27.5,27.5,26.6,24,27.5,48,38.2,37.5,30.6,34.25,32.25,31.6,28.75,29.5,28.6,25.75,1,1,1,1,1,1,1,1,1,1,1,1,1,1,1,1,1,1,1,1,1,1,1,1,1,1,1,1,1,1,1,1,1,1,1,1,1,1,1,1,1,1,1,1,1,1,1,1,500.8683022,376.6218072,0.05903939,0.126488074,undefined,undefined
glasses,Clothing,67.8,69.25,66.25,81,74,73,74,72.25,69.4,66.25,71.25,77.2,73.5,81.5,85,80.75,77.25,71,73,73,67.8,70,72.75,78.4,75.75,73,73.4,74.25,69,70.4,74.75,71,67.5,69.75,72.2,78.5,74,73.75,82,75,74.2,73.5,78.5,77.8,73.5,75.5,79.2,90,1,1,1,1,1,1,1,1,1,1,1,1,1,1,1,1,1,1,1,1,1,1,1,1,1,1,1,1,1,1,1,1,1,1,1,1,1,1,1,1,1,1,1,1,1,1,1,1,112.8530909,382.0184023,-0.185734925,-0.221212757,140.8530909,388.0184023
boot,Clothing,91.8,84.75,80.5,81,80,80.5,86.4,91,90.6,92.25,93.75,95.4,91,84,80,79.75,79,76.8,82.75,86,86.2,92.75,95.25,98.4,91.75,83.75,80.8,82.25,79.25,78.8,86,84.8,85.5,93,96.6,96,89.5,82.75,78.4,76.25,77.4,76.5,82.5,89.6,85,88.75,92,93.75,1,1,1,1,1,1,1,1,1,1,1,1,1,1,1,1,1,1,1,1,1,1,1,1,1,1,1,1,1,1,1,1,1,1,1,1,1,1,1,1,1,1,1,1,1,1,1,1,98.31212718,337.0284376,0.123032651,-0.228763774,36.31212718,372.0284376
polo shirt,Clothing,43.2,48.25,56.25,61,70.5,75.75,78.8,80.75,65.6,49.25,53,55.2,46.75,48.5,53.8,65,69,77.2,81.25,75.75,64.8,58,56.75,63.4,52,56,65,73.25,81.75,93,94,86,72,64,68,70.25,56.75,58.5,68.8,79.5,86.4,95.5,95.75,94.2,78.5,73.25,75.2,79.25,1,1,1,1,1,1,1,1,1,1,1,1,1,1,1,1,1,1,1,1,1,1,1,1,1,1,1,1,1,1,1,1,1,1,1,1,1,1,1,1,1,1,1,1,1,1,1,1,399.5338567,383.6001558,-0.125747692,-0.085902834,undefined,undefined
Flip-flops,Clothing,38.4,44.5,59.25,76.2,84.5,66.5,69.8,61.5,44,42.25,39.25,38.8,32.5,30.25,38.4,50.5,53,58.8,56.5,43,36.4,35.25,33.75,28.4,25.25,27,34.4,40,51.75,52.6,46.25,37.6,32.5,33.25,31.4,36,30,28.75,37.6,44.5,48.8,48.25,51.5,44.6,37.5,36.25,41.2,35,1,1,1,1,1,1,1,1,1,1,1,1,1,1,1,1,1,1,1,1,1,1,1,1,1,1,1,1,1,1,1,1,1,1,1,1,1,1,1,1,1,1,1,1,1,1,1,1,585.086001,388.940796,-0.064627293,0.285770731,undefined,undefined
dungarees,Clothing,32.4,35.75,36.5,39,34.75,32.5,34,33,39,42.75,39.5,39,43,49.75,56.6,75,63.25,66.6,70.75,61.75,54,65.75,52.5,52.6,50.5,68.5,68.8,78.5,70.75,67.2,67.5,58.4,62.25,64.25,59,51.75,54.25,66.5,74.4,74,78,83.5,86.5,82.4,79.5,83.25,72.6,74.75,1,1,1,1,1,1,1,1,1,1,1,1,1,1,1,1,1,1,1,1,1,1,1,1,1,1,1,1,1,1,1,1,1,1,1,1,1,1,1,1,1,1,1,1,1,1,1,1,308.9661662,391.5861698,-0.060128612,-0.436194657,undefined,undefined
Sun hat,Clothing,8.4,9.5,13.75,13.4,17.75,15.75,15,11,8.2,6.75,6.75,7,8.5,8.75,11.2,15.75,17,18,18,10.5,7.6,6.5,6.75,6.8,9.25,10.75,14.8,18.5,43.25,23.8,20.75,12,8.5,9.5,7,7.25,9,10,14.4,19.25,19.4,22.75,18.5,13.2,9.5,8,7.2,7.5,1,1,1,1,1,1,1,1,1,1,1,1,1,1,1,1,1,1,1,1,1,1,1,1,1,1,1,1,1,1,1,1,1,1,1,1,1,1,1,1,1,1,1,1,1,1,1,1,563.5889573,393.181442,-0.001268446,0.293647459,undefined,undefined
uniform,Clothing,76.4,74.25,74.5,77.6,74.25,74.5,88.2,93.75,87,82.75,76.25,65.4,76,75.25,72.6,78.5,71.75,71,78,90,84.6,82.25,75.75,63.8,77.75,79,76.6,74,73.75,74.4,83.25,96,86.5,82.25,76.4,64.25,77.5,75,75.2,79.5,75.4,76.25,84.25,97.2,87.5,83.5,79.8,65.25,1,1,1,1,1,1,1,1,1,1,1,1,1,1,1,1,1,1,1,1,1,1,1,1,1,1,1,1,1,1,1,1,1,1,1,1,1,1,1,1,1,1,1,1,1,1,1,1,177.3095499,357.1992265,0.017084734,0.217731419,168.3095499,412.1992265
duds,Clothing,43.8,37.5,33.75,29.4,28.25,28,30.2,30.75,38.2,55.5,60,66.8,52,39.25,34.2,33.75,28.25,31,29.25,29.75,36,57,69,81.4,59.25,42.25,31.6,33.5,29.5,29.4,32,33,39.25,54.25,80.2,72,56.75,48.5,39,36.5,30,30.75,32.75,36,48,56.5,83.8,88.5,1,1,1,1,1,1,1,1,1,1,1,1,1,1,1,1,1,1,1,1,1,1,1,1,1,1,1,1,1,1,1,1,1,1,1,1,1,1,1,1,1,1,1,1,1,1,1,1,286.6859458,229.6997824,0.04915444,-0.125740939,undefined,undefined
Necktie,Clothing,34.6,39.75,35.75,36.6,37,38.25,33.2,34.5,35.6,35.75,37.75,57.4,41,38.75,44.2,40.25,36.75,42.6,34,35.25,37.2,38.25,39,42.4,38.5,39.5,38.6,37.5,37.5,37.6,33.5,33,34.5,36.5,38,39.25,33,42,37,35.5,36.4,36.75,31,32.6,37.75,38.25,38,40,1,1,1,1,1,1,1,1,1,1,1,1,1,1,1,1,1,1,1,1,1,1,1,1,1,1,1,1,1,1,1,1,1,1,1,1,1,1,1,1,1,1,1,1,1,1,1,1,613.7296046,401.6458568,0.148320671,0.194202389,undefined,undefined
sweatpants,Clothing,31.8,31.5,24.25,23,19.25,19,21.6,25.5,35.4,45.5,50,53.6,41,38,35,31.5,27.25,24.4,26.5,33.25,41.2,56.5,70,81.2,59.25,58.25,54,53,41.25,37.4,42,49,62.5,66,85.6,86,62.25,56.25,52.6,41.5,37,32.5,34.75,41.6,51.25,63.5,77.4,84.75,1,1,1,1,1,1,1,1,1,1,1,1,1,1,1,1,1,1,1,1,1,1,1,1,1,1,1,1,1,1,1,1,1,1,1,1,1,1,1,1,1,1,1,1,1,1,1,1,377.9775291,403.9892275,-0.115691765,-0.174434179,undefined,undefined
Mitre,Clothing,48.4,53.75,54.25,57.8,60.25,64.5,58.4,62.5,61.4,61.5,59,58.8,53.25,60,65,76.25,78,74.8,70.25,81.25,73.4,72.75,69.25,65.8,64,68.5,68,70,70.75,73.8,70.5,73.6,76.25,75,73,72.25,79.5,74.5,71.6,74,72,72.5,70,73.8,71,76.5,83.4,79.75,1,1,1,1,1,1,1,1,1,1,1,1,1,1,1,1,1,1,1,1,1,1,1,1,1,1,1,1,1,1,1,1,1,1,1,1,1,1,1,1,1,1,1,1,1,1,1,1,508.453309,406.3584488,0.02377795,0.093964246,undefined,undefined
Jeans,Clothing,77.4,76.25,78.75,79.6,74.25,71.25,73.8,79.25,84,82,83,83.8,77.25,75,79.4,79.75,73.5,69.6,70.25,76,79.2,81.25,81.25,84,76.5,77.25,79.8,85.25,80.25,73.4,77.25,81.4,85,84,87.4,89.5,80.75,80.5,85.2,87,83,80,81.75,84.8,90,90,91.8,96.25,1,1,1,1,1,1,1,1,1,1,1,1,1,1,1,1,1,1,1,1,1,1,1,1,1,1,1,1,1,1,1,1,1,1,1,1,1,1,1,1,1,1,1,1,1,1,1,1,476.1149734,386.5994828,-0.17852822,0.033175367,726.1149734,406.5994828
dashiki,Clothing,30.8,31.25,22.5,19.2,19.75,16.75,17.8,18.25,15.8,17.25,15.75,18.6,15.25,15.75,15.8,16.5,17,15.6,22,21,17.6,17.75,16.5,18.8,18.5,19.5,20.6,24.25,23.25,22.4,29.75,25.2,27,30.25,33.6,35.5,29,35.5,39.4,45.5,49.2,63.75,71,81.6,63,62.5,50.8,53,1,1,1,1,1,1,1,1,1,1,1,1,1,1,1,1,1,1,1,1,1,1,1,1,1,1,1,1,1,1,1,1,1,1,1,1,1,1,1,1,1,1,1,1,1,1,1,1,45.86935077,412.6870617,0.088026649,-0.252261485,144.8693508,412.6870617
tank top,Clothing,32.8,37.75,48,53.2,61.5,70.5,75,63.25,51,41.75,38.25,40.8,48.25,54.25,62.8,73.75,77,92,86.25,70.25,55,48.25,42.5,45.8,53,57.25,68.4,76.25,82.5,93.6,86,68.4,54.25,53,44.6,47.25,49.75,54.75,65.2,71.25,78.8,92.5,84.5,70,57,53,47,51,1,1,1,1,1,1,1,1,1,1,1,1,1,1,1,1,1,1,1,1,1,1,1,1,1,1,1,1,1,1,1,1,1,1,1,1,1,1,1,1,1,1,1,1,1,1,1,1,357.2806508,423.7156749,-0.085360208,-0.135497222,undefined,undefined
beanie,Clothing,29.6,24.75,19.25,20,18.75,19.5,22,27.5,32.8,40.25,52,58.2,44.75,34.75,33.4,27,24.5,24.6,26.75,30.75,36.4,48,60.25,70.2,57.75,40.25,29.6,26,23.25,24,27.25,28,32,42.25,75.2,79.75,47.5,38.25,30.4,35.75,26.8,25.25,26.25,28,31.75,43.25,56,65,1,1,1,1,1,1,1,1,1,1,1,1,1,1,1,1,1,1,1,1,1,1,1,1,1,1,1,1,1,1,1,1,1,1,1,1,1,1,1,1,1,1,1,1,1,1,1,1,473.8152754,425.7321976,0.016793953,0.16941971,undefined,undefined
Jewellery,Clothing,72.2,73,67.5,71.8,71.25,69.5,71.8,72.25,73.6,73.75,81.25,80.6,68.5,73,68.2,75.25,71,68.2,70.75,74.25,72.2,74.25,83.75,89.2,74.5,77.5,72,73.75,73.25,73.8,76.75,77.4,78.25,82.25,94.4,93,78.25,80.5,74.4,75.25,72.8,71,78.75,79.2,76.25,78.25,90.4,92.75,1,1,1,1,1,1,1,1,1,1,1,1,1,1,1,1,1,1,1,1,1,1,1,1,1,1,1,1,1,1,1,1,1,1,1,1,1,1,1,1,1,1,1,1,1,1,1,1,678.8685737,406.0622486,0.080305076,0.166034879,632.8685737,427.0622486
Headpiece,Clothing,27.6,29.25,29.25,31.4,32,33.25,35.4,33.25,40.4,59.5,30.25,26.4,32.25,33,37,38,38,35.8,38.75,42,45.2,70.25,43.25,37,40.25,45.25,47.6,50.25,49.75,43,45,44.2,54,81.75,41.8,35.25,40.5,42.25,41.6,47.5,45.6,39,41.25,42,47.5,77.5,41,36.25,1,1,1,1,1,1,1,1,1,1,1,1,1,1,1,1,1,1,1,1,1,1,1,1,1,1,1,1,1,1,1,1,1,1,1,1,1,1,1,1,1,1,1,1,1,1,1,1,98.91888114,434.9196377,0.114522354,-0.371748238,200.9188811,328.9196377
Corsage,Clothing,27.4,28.5,28.75,63,59.25,35.25,23,22.25,30.2,27,20.5,19,27.25,27.5,34,67.5,55.5,28.2,19,19.25,30,27,19.5,16.8,25.25,30,34.2,82.25,61.25,29.8,20.25,20.8,29.75,27.25,20.2,15.75,24.75,26.25,33,68.25,53.8,27,20.5,20,31.5,27.75,20.2,16.25,1,1,1,1,1,1,1,1,1,1,1,1,1,1,1,1,1,1,1,1,1,1,1,1,1,1,1,1,1,1,1,1,1,1,1,1,1,1,1,1,1,1,1,1,1,1,1,1,457.9816975,435.3189258,-0.090451101,-0.020862509,undefined,undefined
leggings,Clothing,40.6,39,36.75,37,36.5,34.25,35.2,39.5,50.8,63.5,69,72.2,62.5,60,59.8,58,52.75,48.2,45.5,51.5,62,77.75,84.75,90,73.75,69,66.2,61.75,56.5,51.2,51.5,55.8,69.25,83.5,91.6,93.5,78.75,70.5,66.8,64.75,60,54.75,54,58.4,72.25,90.25,91.4,91.75,1,1,1,1,1,1,1,1,1,1,1,1,1,1,1,1,1,1,1,1,1,1,1,1,1,1,1,1,1,1,1,1,1,1,1,1,1,1,1,1,1,1,1,1,1,1,1,1,34.11303456,437.1876364,0.080248838,-0.208289691,245.1130346,437.1876364
Suit clothing,Clothing,77,84.75,88.5,84,90.75,89.25,87.4,81.75,83.4,81,77.5,71.8,74.25,77,80.2,83.5,80,80,77.5,72,76.6,86.75,78.25,75.4,77.75,76.75,83,86.25,78.75,77.2,77,70.2,78.25,83.5,76.4,73,74.5,76.75,82.2,81.25,75.8,72.5,72.25,72.8,76.25,75.25,83,81.25,1,1,1,1,1,1,1,1,1,1,1,1,1,1,1,1,1,1,1,1,1,1,1,1,1,1,1,1,1,1,1,1,1,1,1,1,1,1,1,1,1,1,1,1,1,1,1,1,686.2446574,463.0982779,0.062987959,0.214950464,710.2446574,440.0982779
girdle,Clothing,81.4,82.25,82.75,80.6,77.5,75.25,80.6,84.75,83.6,86.75,80.75,77,78.5,84.5,80.8,88,82,80.2,84,87.75,87.4,93,85,81,83.25,88.25,86.2,86.25,83,81.4,85,92.6,92.75,93,87.6,84.75,87.5,90.5,87.6,87.75,84.2,80,85.75,91,88.25,89.75,86.4,77.25,1,1,1,1,1,1,1,1,1,1,1,1,1,1,1,1,1,1,1,1,1,1,1,1,1,1,1,1,1,1,1,1,1,1,1,1,1,1,1,1,1,1,1,1,1,1,1,1,110.8371827,493.4456111,0.134359982,0.203603323,89.83718272,673.4455806
Boat neck,Clothing,30.2,30,28,38.2,38,37,36.8,39.75,38.2,33,34.75,34,39.25,34.75,37.4,43,39.75,39.4,39,42.75,38.4,38.25,42.75,40.6,44.25,41.75,46.8,48,45,49.2,52.75,51.4,49.75,47.25,54,49.75,61.25,63.75,66.4,70.5,68.6,65,73,81.6,84.75,93.5,86,83,1,1,1,1,1,1,1,1,1,1,1,1,1,1,1,1,1,1,1,1,1,1,1,1,1,1,1,1,1,1,1,1,1,1,1,1,1,1,1,1,1,1,1,1,1,1,1,1,357.2408846,447.543013,0.116196184,-0.098020678,undefined,undefined
purse,Clothing,55,54.5,54.25,58.6,57.5,57.25,59.8,59.75,58.2,54,63.75,73.8,56.5,58.5,57.8,61,57.25,54,57.25,63.25,57.4,55.75,67.25,77,55.25,55.5,56,61.5,56.5,52.6,58.75,58.6,57,56,68,81,58.25,57.25,57,67.25,61.4,58.5,63.25,61.4,59.25,58.75,74,92.75,1,1,1,1,1,1,1,1,1,1,1,1,1,1,1,1,1,1,1,1,1,1,1,1,1,1,1,1,1,1,1,1,1,1,1,1,1,1,1,1,1,1,1,1,1,1,1,1,497.7828498,450.27971,0.159688452,0.240879007,undefined,undefined
jumper,Clothing,41.6,39.25,40,38.4,39.25,39.5,45.2,44,43.6,46.5,49.75,57,43.25,40.25,40.6,39.75,41,40.8,41.5,43.25,44.2,45.5,55.75,65.8,46.25,44.5,41.4,41,40.25,40.4,42,44.2,45.25,49.25,67.2,72,44.75,42.75,41.8,40.75,42.6,41.25,42,43.8,45.75,50.75,66.2,76.5,1,1,1,1,1,1,1,1,1,1,1,1,1,1,1,1,1,1,1,1,1,1,1,1,1,1,1,1,1,1,1,1,1,1,1,1,1,1,1,1,1,1,1,1,1,1,1,1,57.2692885,460.8101609,0.100223383,-0.262066088,164.2692885,442.8101609
Dirndl,Clothing,10.8,10.75,10.25,14.8,15,14,19.6,34.25,64.6,23.25,9,7.8,11.75,11.25,12,16,16.25,13.6,19.5,39.25,68.6,25.5,8.5,7.2,11,11.25,11,17,16,15.2,22,44.2,78,29.5,9,7.5,11.5,11.5,11.6,17,16.2,15,21.5,42.2,79.25,29.25,8.2,7.75,1,1,1,1,1,1,1,1,1,1,1,1,1,1,1,1,1,1,1,1,1,1,1,1,1,1,1,1,1,1,1,1,1,1,1,1,1,1,1,1,1,1,1,1,1,1,1,1,368.0725822,464.5320562,0.158573809,-0.100827056,undefined,undefined
culottes,Clothing,43.2,45.5,40.75,41.4,40.75,40,40.8,44.75,39,36,36,37.4,38.25,43,37,40,42,37.4,42.75,46.25,40.4,38.75,37,34.2,40,39.75,39.4,42.75,45.5,49,49.25,48.8,45.75,41,42.6,42,49,49.75,60,70.25,78.2,77,72.25,70.2,64.25,58,58.6,55.5,1,1,1,1,1,1,1,1,1,1,1,1,1,1,1,1,1,1,1,1,1,1,1,1,1,1,1,1,1,1,1,1,1,1,1,1,1,1,1,1,1,1,1,1,1,1,1,1,461.6902175,467.0861039,-0.036056507,0.004072733,undefined,undefined
Milan SS Ready to Wear,Event,47.4,36,35.5,28,24.75,32.75,26.6,31.5,33.8,44.75,19,14,28.25,37.25,27,21,39.25,28,33.5,28.75,28.6,24.25,15,25.4,26.75,28.25,22.6,11.5,24,30.4,29.75,42.4,37.75,28,28.2,24.25,55.75,22,23.2,26.75,34.6,18.75,29.25,29.4,27.75,23.5,21.6,20.75,1,1,1,1,0,0,0,0,0,0,0,0,1,1,1,1,0,0,0,0,0,0,0,0,1,1,1,1,0,0,0,0,0,0,0,0,1,1,1,1,0,0,0,0,0,0,0,0,160.3032568,219.1338742,0.169231662,0.008708007,431.3032568,568.1338437
overcoat,Clothing,41.6,34,25.75,20.8,20,17.5,24,23.75,34.6,47.75,55,58.2,44,33.25,29,21.75,19,21.8,20.5,23.75,39.2,50.25,69,75.2,55.5,41.5,30.8,23.75,22.75,20,22.75,27.6,40.5,54,77.2,78,62,43.5,33.6,27.5,23.2,22.75,23.25,31.2,43.5,67.5,83.2,80.75,1,1,1,1,1,1,1,1,1,1,1,1,1,1,1,1,1,1,1,1,1,1,1,1,1,1,1,1,1,1,1,1,1,1,1,1,1,1,1,1,1,1,1,1,1,1,1,1,347.1214729,474.250393,0.20010418,-0.248439603,undefined,undefined
balaclava,Clothing,51.2,46.75,34.75,36.2,36,35.25,35.8,47,44.6,48.75,51.75,56,58.25,49.25,42.4,39.25,40.75,39.6,38.75,39.25,46,56,69.5,76,75.75,66.75,52.6,47.5,42.75,44,45.5,44.8,50.5,55.75,71.2,75.5,74.75,65.5,47.8,44.75,53.8,43.5,42.75,43.4,47.75,58.75,69.4,67,1,1,1,1,1,1,1,1,1,1,1,1,1,1,1,1,1,1,1,1,1,1,1,1,1,1,1,1,1,1,1,1,1,1,1,1,1,1,1,1,1,1,1,1,1,1,1,1,591.8451082,600.8076255,0.11979472,0.110916889,581.8451082,490.8076255
Handbag,Clothing,79.2,80.75,78,79.8,77.25,78,80.6,80.75,80,73,80.75,88.4,74.5,75,78.2,77.75,74.25,72.6,75.75,84.5,75.8,73.75,81,94.4,75.5,76.5,75.8,75.75,75.25,72.8,75.5,77,72.25,72.25,82.8,92.75,74.25,70.5,71.8,70.5,71.2,72,74.5,72,70.5,69,77,90.75,1,1,1,1,1,1,1,1,1,1,1,1,1,1,1,1,1,1,1,1,1,1,1,1,1,1,1,1,1,1,1,1,1,1,1,1,1,1,1,1,1,1,1,1,1,1,1,1,34.29676016,477.2101538,0.179981991,-0.22589782,55.29676016,469.2101538
Poncho,Clothing,52.2,42.25,36,39.6,34.75,38.25,39.8,37.5,45,46.25,44.25,40.6,35.75,32,31,31.25,34.75,34.4,35.25,37.75,44.4,49,49.5,45.4,40.5,36.5,35.4,35.75,38.25,39.8,44.5,48.8,55.75,67.5,68.6,61.5,51.75,44,41.6,40.5,43.8,48.5,53.75,56.2,85,94.75,86.6,76,1,1,1,1,1,1,1,1,1,1,1,1,1,1,1,1,1,1,1,1,1,1,1,1,1,1,1,1,1,1,1,1,1,1,1,1,1,1,1,1,1,1,1,1,1,1,1,1,287.176942,331.4327693,0.080232669,-0.188556239,undefined,undefined
peplum,Clothing,8.6,14,16.75,20.8,23.25,27.25,34.2,46.5,59.2,60.75,66.5,73.2,65.75,67.5,70.6,69.5,64.75,59.8,61.75,53.75,51.2,47.5,51.5,50.6,44.5,45.25,48.8,47.5,44.25,41.6,40.25,39.8,39,38.25,40.6,38.75,33.5,53.5,52.2,36.25,34.8,31.25,31.25,30.6,30.75,29.5,30.6,30,1,1,1,1,1,1,1,1,1,1,1,1,1,1,1,1,1,1,1,1,1,1,1,1,1,1,1,1,1,1,1,1,1,1,1,1,1,1,1,1,1,1,1,1,1,1,1,1,439.5653117,478.8094093,-0.092830455,-0.040536287,undefined,undefined
parka,Clothing,28.6,19.5,11.25,10,8.25,8.5,9.8,14,28.4,40.75,46.25,46,38,24.5,19.8,14.25,11.5,10.2,10,18.25,40.4,53.5,73,63.8,49.25,31.75,18.8,14,11.75,10.8,13,25,34.5,53.5,74.8,66.25,54.25,37.5,22.4,15.25,13.4,11.75,14.5,22.2,42,64.75,73,61.75,1,1,1,1,1,1,1,1,1,1,1,1,1,1,1,1,1,1,1,1,1,1,1,1,1,1,1,1,1,1,1,1,1,1,1,1,1,1,1,1,1,1,1,1,1,1,1,1,549.8147781,484.1581255,-0.063305835,-0.037541762,undefined,undefined
slippers,Clothing,31.2,25.75,23.25,23.6,24.75,23.25,25.2,26,30.6,37.5,61.5,73,32,27.75,26.6,24.5,24.5,24.6,26.25,24.75,29.8,37.25,60,77.8,32.5,27.25,26,28,27.25,26.8,29,27,31,37.75,67.8,74.75,33.5,30,27.8,27,27.6,30.5,30.25,28.6,32.25,40,69,79.75,1,1,1,1,1,1,1,1,1,1,1,1,1,1,1,1,1,1,1,1,1,1,1,1,1,1,1,1,1,1,1,1,1,1,1,1,1,1,1,1,1,1,1,1,1,1,1,1,373.7911432,485.0653648,-0.082778499,-0.165064651,undefined,undefined
bracelet,Clothing,41.4,43.5,41.75,43.4,47.25,48.5,52.4,52.75,47.8,42.75,51,62.2,41.5,43.75,40.8,42.75,45.25,44.4,48.5,48.5,45.8,48.75,57.25,75,54,54.25,48.8,51.25,59.75,78.8,90.25,68.6,54.5,48.75,70.6,83.5,50.5,51.75,49.4,49,50.6,50.5,54.5,52.8,49.75,47.5,61,81,1,1,1,1,1,1,1,1,1,1,1,1,1,1,1,1,1,1,1,1,1,1,1,1,1,1,1,1,1,1,1,1,1,1,1,1,1,1,1,1,1,1,1,1,1,1,1,1,520.8854118,486.2379367,0.437843347,-0.144626282,undefined,undefined
bathing suit,Clothing,37.4,44,52.25,54.4,65.75,73.5,66.8,44,24.6,20.75,21.25,28,40.75,46,60.6,57,70.5,78.4,66.5,38.75,24.4,28,24,29,41,49.25,59.6,61.25,72.75,90.8,66.75,42.4,24.75,22,23.6,28,40.25,50,67.4,65.75,74.8,88.5,73.5,54,32,26,26.2,33.75,1,1,1,1,1,1,1,1,1,1,1,1,1,1,1,1,1,1,1,1,1,1,1,1,1,1,1,1,1,1,1,1,1,1,1,1,1,1,1,1,1,1,1,1,1,1,1,1,487.0922394,492.7107764,0.144607552,-0.156621692,undefined,undefined
necklace,Clothing,47.8,50.75,45.5,51.4,58.25,54.25,56.2,56.75,55.8,53.25,65.75,75.8,54.25,58,52.2,54.5,53.25,50.8,54.25,55.25,52,52.5,64.25,81.6,57,59.5,53.8,59,57.25,52.8,57.5,56.8,56.75,56,72.6,85.25,58,61,54.2,55.75,57,53.75,56.75,56.4,56.25,57,73.6,91.5,1,1,1,1,1,1,1,1,1,1,1,1,1,1,1,1,1,1,1,1,1,1,1,1,1,1,1,1,1,1,1,1,1,1,1,1,1,1,1,1,1,1,1,1,1,1,1,1,245.8173567,454.8983481,0.199336218,-0.192642443,undefined,undefined
anorak,Clothing,56.8,46.75,41.75,39.4,32.5,31,33.8,37.25,50.6,57.5,63,60,56.5,53.25,50.8,43.5,39,33.6,31.75,39.5,52,59.25,70.25,67,63.5,52.25,48,43.25,37.75,33.2,35.25,43.6,57.5,58.75,75.2,67.5,66,65.25,53.8,44.5,38,31.75,35.75,47.8,63.5,74.75,84.4,78.5,1,1,1,1,1,1,1,1,1,1,1,1,1,1,1,1,1,1,1,1,1,1,1,1,1,1,1,1,1,1,1,1,1,1,1,1,1,1,1,1,1,1,1,1,1,1,1,1,57.7053416,501.8820309,0.099931155,-0.250435548,141.7053416,484.8820309
New York Fashion Week,Event,11.8,52.75,9.25,3.8,4.75,4.75,0,4.75,32.4,4.25,0,10.6,8,34.75,6,7.5,3.75,6,0,3.75,34.2,3.5,7,3,6.5,23.5,0,6.75,6.75,0,0,10.2,20.75,3.5,10.6,3.5,3.25,28.25,5,6.5,2.6,0,0,9.8,22.5,8.75,4.8,0,0,0,0,0,0,0,1,1,1,1,1,0,0,0,0,0,0,0,1,1,1,1,1,0,0,0,0,0,0,0,1,1,1,1,1,0,0,0,0,0,0,0,1,1,1,1,1,0,138,387.9999695,0.008120855,-0.004370131,undefined,undefined
caftan,Clothing,38.4,42.75,49.75,57.4,53.75,53,41,38.5,42.2,36.75,39,41.8,42.75,49.75,55,61.25,74,53.8,44.75,45.75,50.6,44,43.25,51,55.5,63.75,66.8,72,85.75,65.6,55.5,63,53.5,55.5,55.8,58.5,58.25,63.75,73.2,84.5,70.4,57.25,57.5,65.6,49,51,47.2,54,1,1,1,1,1,1,1,1,1,1,1,1,1,1,1,1,1,1,1,1,1,1,1,1,1,1,1,1,1,1,1,1,1,1,1,1,1,1,1,1,1,1,1,1,1,1,1,1,398.6638047,503.4305764,-0.120969665,-0.205833173,undefined,undefined
gilet,Clothing,58.4,50.75,44.25,46,39.5,40.25,37.6,39,57.2,62.75,66.25,70.2,59.25,47.25,46.4,45.75,43.75,41.2,32.5,38.25,58.4,65.75,73.5,73.8,63.25,55,49.6,48.5,51.25,40.6,40.25,49.8,58.25,70.75,83,83.75,76.25,59.5,56.2,54,53.8,46,43.5,50.6,76,83.25,89.8,88.25,1,1,1,1,1,1,1,1,1,1,1,1,1,1,1,1,1,1,1,1,1,1,1,1,1,1,1,1,1,1,1,1,1,1,1,1,1,1,1,1,1,1,1,1,1,1,1,1,275.4216785,580.2111529,0.092405594,0.265660407,undefined,undefined
Petticoat,Clothing,77.4,70.75,65.5,67,65.5,66.5,75.8,66.5,68,72.75,61,58.4,79.75,64.5,64.6,64,66.75,59.8,67.5,61.5,63.8,75.5,65,60.6,73,80.75,67.2,67.75,66.25,65.8,64.5,63.6,62.25,71,58.8,60.25,73.5,68.75,64.4,60.75,63.8,60.75,65.75,63,58.75,74,59.6,59,1,1,1,1,1,1,1,1,1,1,1,1,1,1,1,1,1,1,1,1,1,1,1,1,1,1,1,1,1,1,1,1,1,1,1,1,1,1,1,1,1,1,1,1,1,1,1,1,717.1711233,367.8829794,0.032519466,0.282383043,undefined,undefined
gabardine,Clothing,65.8,68.75,76.25,81,73.5,69.75,71.2,66.5,72.4,80.25,76,67.6,77.5,70,70.2,73,75.75,62.2,56,63.75,65.6,75.75,75,63.6,70.5,59.75,63.2,68,64.5,61.6,53,62.4,70.75,73.25,78.2,59.75,71.5,57.25,60.6,65.25,61.4,57,56.25,59.6,63.25,74,65.6,62.5,1,1,1,1,1,1,1,1,1,1,1,1,1,1,1,1,1,1,1,1,1,1,1,1,1,1,1,1,1,1,1,1,1,1,1,1,1,1,1,1,1,1,1,1,1,1,1,1,444.4429327,513.2533025,-0.00906808,-0.239525691,undefined,undefined
earrings,Clothing,51,52.25,46.5,50.4,49,48.25,52.2,53.25,49.8,49.25,61.75,73.4,50.25,52.5,47,48.25,47,45,48.25,48.75,45.6,47,59.75,75.4,50.5,52.25,49.2,50.25,49,47,52.25,52.2,50.75,53.25,69.8,83.5,55.75,58.5,54,54,53.4,50.5,56,55.6,54.25,55.5,72.8,90.25,1,1,1,1,1,1,1,1,1,1,1,1,1,1,1,1,1,1,1,1,1,1,1,1,1,1,1,1,1,1,1,1,1,1,1,1,1,1,1,1,1,1,1,1,1,1,1,1,359.1661599,515.3854067,0.164425718,-0.124076124,undefined,undefined
Bread and Butter,Event,41.6,15,7.75,15.6,19.75,17.25,27.2,8.75,11.8,14.25,14.25,13.8,41.5,9.25,7.8,11.75,17.25,33.2,5.75,8.5,7.8,7.25,14,12.8,35,16.25,7.8,9.75,12.5,11,19.25,9.8,13.5,11.25,12.2,11.5,11,8.25,7.2,7,10.6,12,11.75,7.2,5.25,6.5,5.8,5.75,0,0,0,0,0,0,1,1,1,1,1,0,0,0,0,0,0,0,1,1,1,1,1,0,0,0,0,0,0,0,1,1,1,1,1,0,0,0,0,0,0,0,1,1,1,1,1,0,305.6762208,598.1367115,0.410881665,-0.162641306,undefined,undefined
Sash,Clothing,17.6,17.75,17.75,18.6,18.25,17.75,18,18,18.4,19,15.5,14.2,17.5,17.25,17.2,18.25,19,17.6,19.75,18.25,18.8,20.25,17.25,15.2,18.25,18.5,17.8,18.75,19.75,18.4,19.25,18.6,18.5,20.5,16.8,15,19.25,18.25,18.2,18.5,19.4,18.25,18,17.8,43,21.25,17,16,1,1,1,1,1,1,1,1,1,1,1,1,1,1,1,1,1,1,1,1,1,1,1,1,1,1,1,1,1,1,1,1,1,1,1,1,1,1,1,1,1,1,1,1,1,1,1,1,581.4439266,521.666667,0.205455895,0.159320561,undefined,undefined
Jacket,Clothing,56.8,49.5,44,43.8,37.5,38.5,42.2,46.25,56,65.75,70.25,71.8,57.75,51.25,47.8,45.25,41,37.4,36.75,44,55,66,76.25,77.4,60.75,55.5,48.4,46.5,40.25,36.2,39.5,48.2,56.25,66.5,82.6,78.25,62.75,55.5,50.8,46.5,43.6,40,44,49,61.25,74.5,87.2,88,1,1,1,1,1,1,1,1,1,1,1,1,1,1,1,1,1,1,1,1,1,1,1,1,1,1,1,1,1,1,1,1,1,1,1,1,1,1,1,1,1,1,1,1,1,1,1,1,131.1321863,524.1870768,0.126024086,-0.258328477,149.1321863,538.1870768
Revers,Clothing,74.6,76.25,76.25,71,75.5,69.5,61.2,59.25,74.2,70.75,72.25,61.6,69,63.25,62.4,64,65.75,62.2,56.5,56.25,66,68.25,66.5,60,68,68.75,74.8,66.25,66,66.4,62,63.6,67.75,69.5,72,69,72.25,73.5,70.6,73,72.2,69,65.25,64.6,71,75.5,74.4,68.25,1,1,1,1,1,1,1,1,1,1,1,1,1,1,1,1,1,1,1,1,1,1,1,1,1,1,1,1,1,1,1,1,1,1,1,1,1,1,1,1,1,1,1,1,1,1,1,1,653.2526409,553.1361348,0.126903985,0.260064031,undefined,undefined
apron,Clothing,34.4,34.75,38.25,37.4,36,34.5,35,36,37.4,40.5,48.25,46.4,39.25,40.25,41.4,43.25,43.5,45.8,44.5,47,46.6,51.25,53.5,56.8,48.75,50,52.4,56,60.5,53.8,57.25,57.4,55.75,58.75,66.8,65.75,70.75,68.75,71.4,76,76.2,80,87,92.8,86.25,87.75,89.4,94.25,1,1,1,1,1,1,1,1,1,1,1,1,1,1,1,1,1,1,1,1,1,1,1,1,1,1,1,1,1,1,1,1,1,1,1,1,1,1,1,1,1,1,1,1,1,1,1,1,393.3488856,532.7480701,-0.014214065,0.09761127,undefined,undefined
pajamas,Clothing,27,25,22.75,21.8,20.5,18.75,19.4,23.25,28.4,38,58.75,63.4,28.5,28.5,25.6,25,24,20,21,21.5,28.4,39,60.25,74.2,29.75,27.5,25.8,27,24,19.8,20.75,22.2,28.75,38,69.2,71.25,28.5,26.75,24.8,24.5,25.4,20.75,21,22.8,29.75,41.25,73.4,79,1,1,1,1,1,1,1,1,1,1,1,1,1,1,1,1,1,1,1,1,1,1,1,1,1,1,1,1,1,1,1,1,1,1,1,1,1,1,1,1,1,1,1,1,1,1,1,1,412.7025426,544.4201309,0.281476245,-0.00639688,undefined,undefined
Paris Fashion Week Ready to Wear,Event,20.4,24.5,24.75,7.6,7,10,12,9.25,35.8,11,7,6.8,22.25,23.75,18,6.25,6.5,14.8,9.25,9,42.2,13.25,7.25,6.4,23.75,28.5,23.2,6.5,6.75,10.2,16,9.8,47.5,10.75,6.6,6.5,26.25,17.75,42.4,7.25,7,10.75,11,8.2,33,22,6.2,6.25,1,1,1,1,0,0,1,1,1,1,1,0,1,1,1,1,0,0,1,1,1,1,1,0,1,1,1,1,0,0,1,1,1,1,1,0,1,1,1,1,0,0,1,1,1,1,1,0,190.2947329,508.6574724,0.230024196,-0.291704588,327.2947329,542.6574724
fedora,Clothing,75.4,78.25,74.5,72.6,78.25,78.5,71.2,68,67,66.25,63.5,63.4,74,65.25,60.8,58,55,56.8,59.25,55,54.2,57.25,54.5,59.8,57,57.25,55.6,54.75,50.5,46.6,48.25,47.8,48.5,48.25,46.4,56.5,48.75,48.25,47.4,46.5,46.2,43.5,42.5,42.4,42.25,42.5,43.8,41,1,1,1,1,1,1,1,1,1,1,1,1,1,1,1,1,1,1,1,1,1,1,1,1,1,1,1,1,1,1,1,1,1,1,1,1,1,1,1,1,1,1,1,1,1,1,1,1,46.82745675,541.4438458,0.081785854,-0.241382064,60.82745675,543.4438458
earmuffs,Clothing,30,22,32.75,34.8,23.5,19.75,15.4,15.75,18.4,26.25,47.5,61.6,33.75,22.25,17.8,14.25,14,14.4,14.25,15,15.6,24.75,52.25,73.6,36.5,24,18.8,16,14.5,14.8,15.25,15,19,24,55.8,57.75,36.5,28.25,17.6,16,16.4,18,16.75,17,20,29.5,47.8,54.25,1,1,1,1,1,1,1,1,1,1,1,1,1,1,1,1,1,1,1,1,1,1,1,1,1,1,1,1,1,1,1,1,1,1,1,1,1,1,1,1,1,1,1,1,1,1,1,1,458.8036144,551.0903407,-0.080130006,-0.127334452,undefined,undefined
mittens,Clothing,41.6,25.5,16.75,14.2,12.5,13,14.2,17,25.6,41.5,56.75,59.4,41.75,28.5,20.4,17.25,14,15.8,15,17.75,26.4,37.5,62,77.4,54.75,41.75,22.8,15.75,14.5,13,15.25,18.2,27.5,34.25,67.6,62,54,36.5,19.6,15.75,14.6,17.25,16.25,17.2,24,33.5,52,57,1,1,1,1,1,1,1,1,1,1,1,1,1,1,1,1,1,1,1,1,1,1,1,1,1,1,1,1,1,1,1,1,1,1,1,1,1,1,1,1,1,1,1,1,1,1,1,1,486.38887,551.3196175,0.491233724,-0.086812606,undefined,undefined
garb,Clothing,54.4,52.5,52,51.2,61.75,49.25,58.2,53.75,57,57,56.25,62.6,52.5,50.25,59,55,54.5,59.6,57.5,54.75,57,53,52.5,54.6,53.75,81.5,69.8,62.5,57.5,60,60.25,62.6,61.5,58.5,58.4,57.25,53.5,57,53.4,56.5,58.6,55.5,56,52.8,58.75,57,54,59.5,1,1,1,1,1,1,1,1,1,1,1,1,1,1,1,1,1,1,1,1,1,1,1,1,1,1,1,1,1,1,1,1,1,1,1,1,1,1,1,1,1,1,1,1,1,1,1,1,88.8092354,549.0323539,0.001185162,-0.010175322,undefined,undefined
turban,Clothing,48.2,50.5,45.75,43.2,41.5,43.5,44.4,49.25,46.2,45,47.5,51,54.5,55.25,53.6,65.5,54.75,64.2,71,66.25,56.6,57.75,56,53,55.25,54,53.6,57.75,57,59.2,70.5,62.2,56.25,59.25,57,57.75,59,63,60.4,65.25,68.6,68.75,74.5,64.8,63,63,61.2,64.5,1,1,1,1,1,1,1,1,1,1,1,1,1,1,1,1,1,1,1,1,1,1,1,1,1,1,1,1,1,1,1,1,1,1,1,1,1,1,1,1,1,1,1,1,1,1,1,1,148.0599896,570.8031916,0.081251765,0.342150521,undefined,undefined
bandana,Clothing,46.2,48,49.5,48,49.75,57.25,51.4,53,56,74.75,39,34.6,39.25,46.25,43.2,40.25,40.5,51,49,47.75,53.6,70.75,45.5,39.8,42,44,45,49,56.5,57.6,58.75,61,85,70,53,49.5,44.75,40.5,46.8,46.25,47.2,57,53,51,64,68,47,40.25,1,1,1,1,1,1,1,1,1,1,1,1,1,1,1,1,1,1,1,1,1,1,1,1,1,1,1,1,1,1,1,1,1,1,1,1,1,1,1,1,1,1,1,1,1,1,1,1,631.8247902,574.4824574,0.116766423,0.325794922,undefined,undefined
overalls,Clothing,29.6,29.75,33.25,30.6,28.25,26,27,32.75,39.8,48,42.25,37.6,34,35,34.4,37,35.25,35.8,39.5,43.75,53.6,79.25,46.5,48.2,43.5,46.25,48.8,50.25,48.25,44.8,45.5,49.2,53.25,69.5,52.8,46.5,43.75,46.25,44.6,44.5,42.6,44,45.75,50.6,60.25,77,50.2,48,1,1,1,1,1,1,1,1,1,1,1,1,1,1,1,1,1,1,1,1,1,1,1,1,1,1,1,1,1,1,1,1,1,1,1,1,1,1,1,1,1,1,1,1,1,1,1,1,504.5427159,595.1523745,0.173598112,0.054561302,undefined,undefined
Men's New York Fashion Week,Event,5.2,19.5,3.5,0,5.25,1.75,4.2,1.75,11.2,5.25,1.75,2.8,3,12.25,8.4,1.5,3,4.8,1.5,4.5,8.6,6.25,1.25,4,4.5,6.25,2,1.25,1.25,3.6,3,5.2,12.75,1.25,5,2.75,5.5,12.25,1,5.5,6.4,14.25,37.5,6.2,14.5,6,6,3.75,0,0,0,0,1,1,1,1,1,0,0,0,0,0,0,0,1,1,1,1,1,0,0,0,0,0,0,0,1,1,1,1,1,0,0,0,0,0,0,0,1,1,1,1,1,0,0,0,553.2266536,452.9803431,0.142959714,0.262822071,undefined,undefined
mumu,Clothing,25.2,27,28.75,27.4,27.5,26.5,27.8,27.25,28,24.75,26.25,28.2,27.25,28.75,27.8,30.25,33.75,28,29.5,30.25,28,28.75,29.5,28.6,28.25,30.75,28.2,30,30.75,28.8,34,29.6,29.5,27.75,28.8,30,29.75,31.5,33.2,47.5,90.2,74,48,38.4,32.75,33.75,37.2,38.75,1,1,1,1,1,1,1,1,1,1,1,1,1,1,1,1,1,1,1,1,1,1,1,1,1,1,1,1,1,1,1,1,1,1,1,1,1,1,1,1,1,1,1,1,1,1,1,1,457.2363296,598.2061902,0.261509964,0.020851865,undefined,undefined
long johns,Clothing,53.6,41.25,30.25,28.6,26.5,29,27.2,29.75,36,51,72.25,72,61.25,56,39.4,30,28.75,31.6,27.75,30,37.2,52.25,78.5,79.4,62.75,43.75,34.4,29.75,25.5,29.8,32.5,32.6,36.75,48.5,79.4,68,58.25,50.5,34,32.25,31.2,27.25,30,29.6,35.75,50,65,62,1,1,1,1,1,1,1,1,1,1,1,1,1,1,1,1,1,1,1,1,1,1,1,1,1,1,1,1,1,1,1,1,1,1,1,1,1,1,1,1,1,1,1,1,1,1,1,1,577.5647895,575.2720955,0.157218874,0.233932014,undefined,undefined
Cowboy hat,Clothing,31.2,32.25,33,35.4,34.5,37,39,34.75,35.8,36.5,31.75,32.4,31.75,32.75,33.8,58,35.5,38.6,40,37,32.4,36.75,32,32.8,31.25,33.5,34,34.75,35,38,36,34.8,32.5,38.75,32,32.25,30.25,32.25,33.8,35.25,35,37.5,40.5,35.2,35.5,39,34.4,36.5,1,1,1,1,1,1,1,1,1,1,1,1,1,1,1,1,1,1,1,1,1,1,1,1,1,1,1,1,1,1,1,1,1,1,1,1,1,1,1,1,1,1,1,1,1,1,1,1,188.164604,581.9300658,0.148063556,-0.293139526,undefined,undefined
fur coat,Clothing,40,29,17.25,14.2,13.75,14.5,16,20.25,30,43.5,53,64.6,46.75,34.5,26.6,18,15,15.4,15.5,22.5,35,48.25,71,81.4,59.25,52.25,23.6,17.5,16.5,15.6,18.5,28.6,38.25,56.25,82.2,86,62.5,49,27,17.25,18.6,16.75,20.5,26.2,39.5,59,79.8,80.75,1,1,1,1,1,1,1,1,1,1,1,1,1,1,1,1,1,1,1,1,1,1,1,1,1,1,1,1,1,1,1,1,1,1,1,1,1,1,1,1,1,1,1,1,1,1,1,1,307.6331657,677.9782332,0.18244341,0.157378892,undefined,undefined
trousers,Clothing,65.6,62.75,63,69,68.25,67.5,67.4,70.75,74.2,70.5,70,64.8,69,67,71.8,77,75,74,75.25,77.25,78.8,79.25,79.75,74.6,80.25,79.5,79.6,86.75,89.5,87.2,87.5,89.8,83.25,86.75,88.2,79,85.5,81.5,86.2,94.5,95.4,97.25,95,95.6,91.25,90.75,93.2,86,1,1,1,1,1,1,1,1,1,1,1,1,1,1,1,1,1,1,1,1,1,1,1,1,1,1,1,1,1,1,1,1,1,1,1,1,1,1,1,1,1,1,1,1,1,1,1,1,61.78254639,584.1520562,0.09456372,-0.236546253,161.7825464,542.1520562
Hijab,Clothing,13.6,14.25,15.25,15.4,15.25,16,20.6,26,22,21,21,21.6,21,22.5,24,26.75,28.5,30.2,42.25,36.25,29.8,30.5,31,32.4,33,33.75,37,44,47.25,53.8,81,51,46.25,46.25,45.4,50,54.5,53.75,53.4,58,59,75.25,78.75,54.2,54.5,52,51.4,56.75,1,1,1,1,1,1,1,1,1,1,1,1,1,1,1,1,1,1,1,1,1,1,1,1,1,1,1,1,1,1,1,1,1,1,1,1,1,1,1,1,1,1,1,1,1,1,1,1,359.0938373,588.385591,0.134609472,-0.165362597,undefined,undefined
Pattern grading,Clothing,36,37.25,47.25,35.6,58.5,40.5,28.4,36.75,38.6,30.5,40,39,42.75,33.75,45.8,44,51.5,29.2,33,36.25,38.8,51.5,40.75,31.4,42.5,40.75,42.8,54.5,35,44.6,41.75,34.6,46.5,40,36,29,37.5,41.5,36.8,40.75,50.6,42.5,43.75,41.4,37.75,34.5,35.6,35.5,1,1,1,1,1,1,1,1,1,1,1,1,1,1,1,1,1,1,1,1,1,1,1,1,1,1,1,1,1,1,1,1,1,1,1,1,1,1,1,1,1,1,1,1,1,1,1,1,218.7487083,591.6014351,0.259266557,-0.293085013,undefined,undefined
raincoat,Clothing,32.2,31.75,36,40.4,38.5,44.5,44,41.25,48,48,35.75,34,59,48,43.4,43.25,49.75,54.2,42.75,46.5,50.6,50.25,40.75,37.2,34.75,37.75,41,46.5,46.75,48.8,50.5,54.8,51,59.25,47.4,42.5,36.25,34,43.6,48.5,46.2,62.25,56.25,54.8,62.75,54.25,59.8,50.25,1,1,1,1,1,1,1,1,1,1,1,1,1,1,1,1,1,1,1,1,1,1,1,1,1,1,1,1,1,1,1,1,1,1,1,1,1,1,1,1,1,1,1,1,1,1,1,1,494.7593178,650.0755949,0.137502019,0.02435335,undefined,undefined
Bustier,Clothing,72.2,73.25,77.25,91.2,88.75,91.5,92.4,82.5,76.2,79.75,71.25,75,76.25,83,83.8,91.25,89.75,94.4,90,78.75,66,70.5,66.25,72.8,74.5,79,81.6,90,89.25,90.2,80.5,67.4,64,67.25,60.4,64.75,63.25,68.5,69.4,72.5,74.6,76.25,75,58.4,53.75,58.25,50.4,53.75,1,1,1,1,1,1,1,1,1,1,1,1,1,1,1,1,1,1,1,1,1,1,1,1,1,1,1,1,1,1,1,1,1,1,1,1,1,1,1,1,1,1,1,1,1,1,1,1,616.7626245,177.5248504,0.144925242,0.333285536,undefined,undefined
pinafore,Clothing,25.4,25,25.25,25.4,25.5,26,27.6,28.5,28,26.5,26,24,28,31,31.8,35.5,35,36.8,46,79,45.8,40.5,37.5,32.8,34.5,34.25,33,34.25,34,30.6,31.75,35,33,32.25,32,30.75,34,34.75,30.6,30,31,30.75,33.5,43.4,44.25,46.25,44.4,45.25,1,1,1,1,1,1,1,1,1,1,1,1,1,1,1,1,1,1,1,1,1,1,1,1,1,1,1,1,1,1,1,1,1,1,1,1,1,1,1,1,1,1,1,1,1,1,1,1,342.0709467,604.8228237,0.179264874,-0.050501507,undefined,undefined
Kilt,Clothing,50.6,50.25,58.75,53.6,48.25,56,48.6,49.5,55.8,48.5,68,51.4,50.75,49,61,49.25,45.75,47.4,44.75,46.5,50.4,46,45.25,42.2,48.25,45.5,51.8,47,43.75,44.6,46.25,46.4,51,44.25,43.8,45.5,49,46,49.8,49,45.4,44,43,43.8,43.25,42.5,39.6,41,1,1,1,1,1,1,1,1,1,1,1,1,1,1,1,1,1,1,1,1,1,1,1,1,1,1,1,1,1,1,1,1,1,1,1,1,1,1,1,1,1,1,1,1,1,1,1,1,655.3552076,506.9426103,0.12501888,0.352090814,undefined,undefined
visor,Clothing,76.2,80,84.5,86.2,86.75,86,88,86.5,85,79.25,79.75,73.8,74,76.25,78.4,86.25,84,85.8,84.25,84.75,82,79.25,75.5,75,76.75,79.75,84,88.5,92.75,88.6,92,90.4,85.25,84.25,82.2,77.75,78,81.25,86.6,90.25,92.4,94.25,94,95.8,91.25,91.5,85.2,84.25,1,1,1,1,1,1,1,1,1,1,1,1,1,1,1,1,1,1,1,1,1,1,1,1,1,1,1,1,1,1,1,1,1,1,1,1,1,1,1,1,1,1,1,1,1,1,1,1,443.2170537,240.1179338,-0.077482775,0.005799465,455.217069,384.117949
Surtout,Clothing,39.8,37.75,35.5,42,34.25,36.5,28.8,29.25,34,36.5,37.5,34.8,34,31,34.6,33.5,49.25,30,24.5,22.5,28,27.5,28.25,31.4,33.25,31,30.6,27.75,29.5,27.6,24.75,25.4,33.5,30.25,33.2,35,51.25,33.5,30.2,31,29.6,29.25,23.5,24,29.25,32.5,36.4,33.5,1,1,1,1,1,1,1,1,1,1,1,1,1,1,1,1,1,1,1,1,1,1,1,1,1,1,1,1,1,1,1,1,1,1,1,1,1,1,1,1,1,1,1,1,1,1,1,1,526.034385,636.4306228,-0.116799797,-0.04773798,514.034385,356.4306533
Jodhpurs,Clothing,58,61,55.25,60.2,56,64.25,80.4,77,74.2,65.75,64,54.8,47.25,52.75,50.8,56.75,54.5,51.8,55,65.5,60.6,57.75,55.5,52.6,45.75,49.5,49.2,56.5,49.5,45,48.25,56.8,52.75,54.75,55,53.75,46.75,51,49,46.75,45.4,48.25,50.25,55.6,52.5,51.25,55.6,51,1,1,1,1,1,1,1,1,1,1,1,1,1,1,1,1,1,1,1,1,1,1,1,1,1,1,1,1,1,1,1,1,1,1,1,1,1,1,1,1,1,1,1,1,1,1,1,1,529.020465,552.7684958,0.144694829,0.210248255,undefined,undefined
gown,Clothing,64.6,66.5,59.5,65.2,67.25,56.5,53,55,61,57.75,61.25,60.4,77,67.75,64.2,68.5,69.5,59,53.25,53.75,59.8,62.5,70,64.6,76,74,74.6,75.25,81.5,69.8,64.5,65.4,72.25,74.25,82.8,77,90.5,88,82.6,82,86.4,72.25,71.5,72.6,79.25,85.5,92.2,92,1,1,1,1,1,1,1,1,1,1,1,1,1,1,1,1,1,1,1,1,1,1,1,1,1,1,1,1,1,1,1,1,1,1,1,1,1,1,1,1,1,1,1,1,1,1,1,1,101.3169505,600.3113429,0.217106849,0.112495858,79.31695052,701.3113429
Haute Couture Fashion Week,Event,0,0,25,0,0,0,0,0,0,0,0,0,0,0,0,0,0,0,0,0,15.2,0,0,0,0,0,0,0,0,0,0,0,0,17.5,0,0,0,0,0,0,0,0,0,0,0,0,0,0,1,1,1,0,1,1,1,1,1,0,0,0,1,1,1,0,1,1,1,1,1,0,0,0,1,1,1,0,1,1,1,1,1,0,0,0,1,1,1,0,1,1,1,1,1,0,0,0,414.8794727,139.1744032,0.002429654,-0.009013001,undefined,undefined
Dandy,Clothing,48.6,45.25,45.25,53.2,49,47.25,50.4,50.75,48,48.75,47.25,49.8,46.75,45.75,45.4,45.25,45.25,48.6,46,44.5,43.4,45,46.25,51.2,82.75,73,66.4,58,53.75,54.4,68.75,64.4,67.5,65.75,63.4,64.75,61.25,52.5,52.4,52.5,50.2,51,51.75,50,48.5,57.25,56.2,57.25,1,1,1,1,1,1,1,1,1,1,1,1,1,1,1,1,1,1,1,1,1,1,1,1,1,1,1,1,1,1,1,1,1,1,1,1,1,1,1,1,1,1,1,1,1,1,1,1,529.959217,670.8631419,0.263711148,0.121741948,426.959217,611.8631419
bow tie,Clothing,39.2,47.5,45,50.4,51.25,48.5,46.6,43.75,50.2,56.25,60.25,79.4,53.75,56.5,58,62.75,65.25,57.8,54.5,54.25,55.6,64.5,66.75,87.8,61.75,63.5,64,73.25,68,61.4,56.25,58.2,59,67.5,68,89.25,61,61.25,61.2,68,66.4,63,57,54.8,61.5,67,69,93.75,1,1,1,1,1,1,1,1,1,1,1,1,1,1,1,1,1,1,1,1,1,1,1,1,1,1,1,1,1,1,1,1,1,1,1,1,1,1,1,1,1,1,1,1,1,1,1,1,162.0468282,603.317441,0.190548174,-0.237533636,241.0468282,623.317441
camisole,Clothing,59.2,54.75,59.5,65,69,69.75,71.6,68,64.4,57.25,61,68.6,64,59.5,69,72.5,69.5,75.6,74.75,74.5,70.2,66.5,65.5,71.4,65.5,64.75,71.2,78.25,87.75,84.8,82.5,82.2,68.75,70.5,72.6,75.75,72.25,71.25,72.2,76.5,78,79.25,77.5,72.4,64.75,69.25,72.2,72,1,1,1,1,1,1,1,1,1,1,1,1,1,1,1,1,1,1,1,1,1,1,1,1,1,1,1,1,1,1,1,1,1,1,1,1,1,1,1,1,1,1,1,1,1,1,1,1,173.6191505,656.0792696,0.331110566,-0.229552004,129.6191505,662.0792696
Skirt,Clothing,59.2,61.5,65.25,68.2,71.75,73,75.2,75.75,77.4,76.75,73.5,78.2,71.5,72.75,75.8,81.25,81.5,82.8,86,83.75,82.2,86,83.25,84.4,79.5,82.5,90.4,95.5,95.5,92.8,92,91,91,95.25,90.6,88.25,81.5,84,89.6,92.25,92.2,90.25,91.5,90,90.5,96,90.8,91,1,1,1,1,1,1,1,1,1,1,1,1,1,1,1,1,1,1,1,1,1,1,1,1,1,1,1,1,1,1,1,1,1,1,1,1,1,1,1,1,1,1,1,1,1,1,1,1,348.7658493,649.5400539,-0.083454313,-0.337282325,348.7658493,650.5400539
gloves,Clothing,54.4,48.75,42.5,44.4,41.75,40.5,40.6,41.5,46.6,54.5,65,70.4,54.5,48,45,42.25,40,38,39,40.75,43.6,53,67.75,78.6,58,51.25,44.2,43.5,41,39.4,42.25,42,45.25,53,74.4,73.5,58.75,53.25,44.8,42,42.8,39.25,40.5,42,44.5,53.5,65.2,68,1,1,1,1,1,1,1,1,1,1,1,1,1,1,1,1,1,1,1,1,1,1,1,1,1,1,1,1,1,1,1,1,1,1,1,1,1,1,1,1,1,1,1,1,1,1,1,1,194.804557,635.8472109,0.146615611,-0.290545341,205.804557,631.8472109
Wellingtons,Clothing,56.4,50.75,43.5,54,41.75,62.25,69.6,57.25,67.6,72.25,81.5,83.8,79.25,48.75,51,44.25,42,43.6,33,48.5,62.6,66.75,71.5,71,61.75,62,45.2,38.25,39,37,31,46.4,44,59.25,72.8,66,52,44.5,39.6,34.5,37.8,34.5,36.25,44,47.75,51.25,66.6,69.25,1,1,1,1,1,1,1,1,1,1,1,1,1,1,1,1,1,1,1,1,1,1,1,1,1,1,1,1,1,1,1,1,1,1,1,1,1,1,1,1,1,1,1,1,1,1,1,1,180.6383467,167.1426606,0.208563609,0.291258983,undefined,undefined
tuxedo,Clothing,61,66.25,69.5,90.8,76,59.5,56.2,58.25,61.2,63.5,59.5,59.4,65.5,66.75,74,94.25,74.25,57.8,55.75,56,60,60.75,56,59,64.25,66.5,76.4,91.75,76.25,57.8,55.75,57.2,58.25,59.5,57.8,59.25,64,68,76.6,93,75,55,53.25,55.4,62.75,60.5,60,59.5,1,1,1,1,1,1,1,1,1,1,1,1,1,1,1,1,1,1,1,1,1,1,1,1,1,1,1,1,1,1,1,1,1,1,1,1,1,1,1,1,1,1,1,1,1,1,1,1,595.2878088,650.1174873,0.114967176,0.213499819,undefined,undefined
stockings,Clothing,50.2,48.25,45.25,47.6,48.5,48.5,49.4,50.75,53.4,61,76.5,77.2,52.5,51.5,51,51.25,50,51.8,50.25,52,54.4,62.5,76.75,83.2,54.25,52.5,51,52.5,52.25,52.6,52.75,55.2,55.75,61.75,80.4,79.5,54,51.75,50.8,50.75,50.8,50.25,51,51.4,54,60.25,79.2,80.25,1,1,1,1,1,1,1,1,1,1,1,1,1,1,1,1,1,1,1,1,1,1,1,1,1,1,1,1,1,1,1,1,1,1,1,1,1,1,1,1,1,1,1,1,1,1,1,1,491.7549428,678.4249882,0.453348386,0.048894764,undefined,undefined
Coat,Clothing,57.6,50.5,44,42.2,39.25,37.5,38.6,45,55.6,66.25,74.75,75,58.5,50.75,48.8,42.75,39.25,38,39,44.75,56.2,70.25,86,84.4,64.5,58,49.6,46.5,41.25,38.4,41.5,50.4,59.75,73.25,93.8,85.5,69,61.25,52.8,45.75,41.8,39.5,43.5,49.4,61.5,75.25,86.8,91,1,1,1,1,1,1,1,1,1,1,1,1,1,1,1,1,1,1,1,1,1,1,1,1,1,1,1,1,1,1,1,1,1,1,1,1,1,1,1,1,1,1,1,1,1,1,1,1,549.3023598,623.0562963,0.121754647,0.185289092,undefined,undefined
Hippie,Clothing,51,61.5,53.5,57.2,58.5,56.75,54.6,57.75,59,66,49.5,46,54.5,58.5,52,59.5,58.25,57.4,56.5,57.25,57,68.75,54,51.4,57.5,69.25,66.8,73.75,71.25,67,68.5,67,66.5,78.5,59.6,57.25,66,73.5,66.4,72.75,77.4,75,71.25,70.2,67,77.5,57.6,56.75,1,1,1,1,1,1,1,1,1,1,1,1,1,1,1,1,1,1,1,1,1,1,1,1,1,1,1,1,1,1,1,1,1,1,1,1,1,1,1,1,1,1,1,1,1,1,1,1,101.1546263,637.6190634,0.246322644,-0.2360527,123.1546263,704.6190634
Cowl,Clothing,61.2,55.5,51.75,50.2,47.5,50.25,55.6,59,61.4,72,81.75,83,67.25,59.75,54,50.5,48.75,50.8,51,55,58.2,67.5,80,88,76.75,69.25,59.8,53,51,49.6,56.75,60.8,67.75,77.75,96,92.25,78.25,66,59.2,56.5,53.8,57,59.75,63.6,66.5,78.5,84,82.25,1,1,1,1,1,1,1,1,1,1,1,1,1,1,1,1,1,1,1,1,1,1,1,1,1,1,1,1,1,1,1,1,1,1,1,1,1,1,1,1,1,1,1,1,1,1,1,1,386.8135144,608.3743492,0.194504437,0.064676896,391.8135144,697.3743492
Suspenders,Clothing,41.4,43.25,43,43.2,43.25,41.75,42,44.25,49.8,67.75,46.25,52.8,44.75,47.75,45.8,48,47.25,41.4,42.5,45.5,52.2,71.25,48.75,54,48.5,49.5,48.2,51.5,48,45.8,46.75,48.4,55.5,73.5,50.4,54.25,48,48.75,48,51,49.8,46.25,46.5,47.4,58,73.25,51.6,57,1,1,1,1,1,1,1,1,1,1,1,1,1,1,1,1,1,1,1,1,1,1,1,1,1,1,1,1,1,1,1,1,1,1,1,1,1,1,1,1,1,1,1,1,1,1,1,1,622.8601983,616.9874483,0.148741533,0.167191849,undefined,undefined
hosiery,Clothing,82.2,83.25,76.75,83.8,71.5,75.25,70.8,73.25,85.8,87,85,85.2,75.5,77,71.2,76,73.75,68.2,67.25,66.75,75.6,83.5,82.75,76,72.25,72.5,71,76,67.25,61.2,66.25,70.6,71.5,79.5,81.2,79.75,75.5,68.75,67.4,70,66.2,62.25,67.75,64.6,69.25,70,74.6,74.25,1,1,1,1,1,1,1,1,1,1,1,1,1,1,1,1,1,1,1,1,1,1,1,1,1,1,1,1,1,1,1,1,1,1,1,1,1,1,1,1,1,1,1,1,1,1,1,1,434.5143425,678.6560771,0.21117383,-0.075818541,606.5143425,704.6560771
abaya,Clothing,31.6,31,35.25,36.6,39,42,63.8,60.25,44.8,57.5,40.75,37.8,38.5,42,45.2,44.75,47.75,50.6,67.25,48.25,48.8,43.75,43.5,43.2,44.75,45.5,50.6,57.75,57,65.8,68.75,56.4,57.75,51.75,50.4,50.25,50.5,55.5,57.6,59.75,61.6,72.75,64.5,59,56.25,50.75,52.6,52.5,1,1,1,1,1,1,1,1,1,1,1,1,1,1,1,1,1,1,1,1,1,1,1,1,1,1,1,1,1,1,1,1,1,1,1,1,1,1,1,1,1,1,1,1,1,1,1,1,142.6943197,643.603441,0.182383168,-0.081892572,248.6943197,656.603441
Power dressing,Clothing,53.8,69,53.5,55.8,56.75,46,59.8,59,68.8,79,64.5,56.2,66.5,43,62.2,46.75,52.75,59.4,61.25,65.25,52.4,48.25,67.75,42,55,71,59.4,54.75,55.5,47.2,55.25,44.4,61.5,73,69,53.75,58,49.75,52.8,78.75,50,75,56.75,57.2,59.25,63.75,61.6,46.25,1,1,1,1,1,1,1,1,1,1,1,1,1,1,1,1,1,1,1,1,1,1,1,1,1,1,1,1,1,1,1,1,1,1,1,1,1,1,1,1,1,1,1,1,1,1,1,1,201.9617159,455.0723663,0.207603256,-0.082174772,264.9617159,695.0723663
cape,Clothing,78.4,77.5,76,74.8,79.5,83.75,96.8,91.75,79,79.5,71.25,69.8,81.75,79,77.8,77.5,81,85.6,90.25,90.75,76.6,76,74,72.4,86.75,82.5,80.6,79.5,83.5,86.6,95.25,92.6,81.5,81.25,77.6,74.75,85,83.25,85.4,79.5,84.6,86.75,96.5,92.8,83.25,81.25,76.2,77.5,1,1,1,1,1,1,1,1,1,1,1,1,1,1,1,1,1,1,1,1,1,1,1,1,1,1,1,1,1,1,1,1,1,1,1,1,1,1,1,1,1,1,1,1,1,1,1,1,225.4175247,665.9357998,0.405765495,0.178885749,423.4175094,718.9357998
Ruffle,Clothing,86.4,91.75,93.75,91.4,90.5,88.5,92,85.75,82,77,82.75,80.2,97.25,96.75,93.2,88,81.5,81,85,80,77.4,85.25,84.25,79.2,88.5,87.25,84.2,84.25,79.5,75.8,81.25,74.4,73,72,68.2,63.75,69.25,71.25,71.8,66.75,66.8,68,70,67.2,63.5,66.5,60.4,55.25,1,1,1,1,1,1,1,1,1,1,1,1,1,1,1,1,1,1,1,1,1,1,1,1,1,1,1,1,1,1,1,1,1,1,1,1,1,1,1,1,1,1,1,1,1,1,1,1,340.458564,90.35478456,0.30611328,-0.140734373,268.458564,724.3547693
high heels,Clothing,61.2,63.25,61,64.8,60.75,61,59.6,61.5,88,91.75,86.25,82.2,70.5,71.25,70.2,67.5,62.75,59.4,58.5,57.75,57.6,57,56.75,59.2,58.5,59.75,60.2,63.5,61.5,60.6,60,57.8,59.5,58.25,57.6,58,57.75,57,59.6,58.75,60.2,56.25,55.75,53.4,55.5,55,53.6,57.25,1,1,1,1,1,1,1,1,1,1,1,1,1,1,1,1,1,1,1,1,1,1,1,1,1,1,1,1,1,1,1,1,1,1,1,1,1,1,1,1,1,1,1,1,1,1,1,1,284.1175844,481.5536552,0.070380446,0.158679883,undefined,undefined
undershirt,Clothing,51.8,54.75,55,58.4,53.25,51,57.6,61.5,59.2,56.25,58.75,64.6,58.25,57.75,57.8,62,62.5,58.8,57,63.75,60.4,62.5,63,70.2,58.25,54.25,60,68.5,69.25,70.2,63,68,70,67.5,74.6,75.5,62.75,69.5,71,68.5,73.2,80.5,72,74.6,80.75,81.25,82.6,87.25,1,1,1,1,1,1,1,1,1,1,1,1,1,1,1,1,1,1,1,1,1,1,1,1,1,1,1,1,1,1,1,1,1,1,1,1,1,1,1,1,1,1,1,1,1,1,1,1,388.0877141,687.3259098,0.230616132,-0.01264541,375.0877141,678.3259098
nightshirt,Clothing,34.6,34.5,25.25,27.2,24.5,30.25,25.8,33.25,34.4,42,65.25,62.6,37.25,30,31.6,26,26.25,28,27.25,34.75,33.8,46.75,64.75,75.2,40.75,31.25,30,32,33,30.8,34.5,36.8,40.5,43.75,69.8,76.25,42.75,32.75,34.4,31.25,29.6,28.75,33.5,33,37.75,45,71.2,79.5,1,1,1,1,1,1,1,1,1,1,1,1,1,1,1,1,1,1,1,1,1,1,1,1,1,1,1,1,1,1,1,1,1,1,1,1,1,1,1,1,1,1,1,1,1,1,1,1,124.4665858,614,0.006968041,-0.006145283,undefined,undefined
pumps,Clothing,83.4,88.25,94.25,96.4,95.25,90.25,87,83.25,86.2,75.25,69.5,66.6,77.75,76.5,82.4,89,85.25,80,76,73.75,72,72,66.5,61.6,70.5,73.25,78.6,81.5,80.5,76.2,74.75,72.6,71.5,67.25,66.8,62,68.25,70.75,76.4,80.5,79,74.75,71.75,68.4,67.25,62.75,60.8,58.75,1,1,1,1,1,1,1,1,1,1,1,1,1,1,1,1,1,1,1,1,1,1,1,1,1,1,1,1,1,1,1,1,1,1,1,1,1,1,1,1,1,1,1,1,1,1,1,1,292.1388067,529.1572424,-0.118797598,-0.076014445,343.1388067,738.1572424
tiara,Clothing,69.6,64.5,66.5,66.4,62.5,69,66,65.25,63.4,64.25,60.5,62.6,68,82.25,93.8,82.25,78.25,80,72.25,72,72.2,73,68,69,68.5,70.25,66.2,68.5,69.5,70,70.25,73.4,74.5,77.5,72.8,72.75,72.5,73,68.6,69,69.4,71,70.75,72.4,69.5,77.5,68.4,74.5,1,1,1,1,1,1,1,1,1,1,1,1,1,1,1,1,1,1,1,1,1,1,1,1,1,1,1,1,1,1,1,1,1,1,1,1,1,1,1,1,1,1,1,1,1,1,1,1,273.7271478,675.858341,0.357001163,0.03136514,325.7271478,702.858341
Pantyhose,Clothing,85,81,80.75,83,82.5,83.25,84.6,86,88.8,89,88,94.2,87.5,87.25,86,89.25,83.5,83.4,83.75,84,83.6,87.5,84.75,90.8,84.25,81.75,80.4,82.75,81.25,83.6,82.5,82.8,80.75,83.25,80.2,86.5,76.5,76.5,75.4,76,73.4,72.25,74.5,73.4,74.75,76.75,75.2,81,1,1,1,1,1,1,1,1,1,1,1,1,1,1,1,1,1,1,1,1,1,1,1,1,1,1,1,1,1,1,1,1,1,1,1,1,1,1,1,1,1,1,1,1,1,1,1,1,43.65171506,357.9042196,0.173375762,0.158286633,undefined,undefined
veil,Clothing,58.4,55.25,54.75,55.6,51,61.75,63.6,69.25,58.4,60.25,57.75,68.6,82,72,69,73.25,70.25,68.6,70.25,65.75,65.8,65,66,67.8,65.25,61.75,63,63.25,58.75,57.6,61.5,60.4,63.5,73.75,72.8,67,64.75,62.5,60.8,60,55.8,57,55.5,52.4,51,50.75,49.8,52.5,1,1,1,1,1,1,1,1,1,1,1,1,1,1,1,1,1,1,1,1,1,1,1,1,1,1,1,1,1,1,1,1,1,1,1,1,1,1,1,1,1,1,1,1,1,1,1,1,120.5631941,240.9999695,0.008645999,-0.005579553,undefined,undefined
sarong,Clothing,53.4,59.25,56.25,65.2,75.25,78,78.8,65.75,47.8,43.25,40.75,44.2,46.75,49.25,51.8,59.5,72,82.2,78.75,64,48.2,43,40.5,44.6,49.5,48.75,57.4,62,68.25,76.8,81,61.4,48.75,48,44,46.25,51,49,59,60,65.6,79.5,77.25,63.6,48,46.5,43.8,47,1,1,1,1,1,1,1,1,1,1,1,1,1,1,1,1,1,1,1,1,1,1,1,1,1,1,1,1,1,1,1,1,1,1,1,1,1,1,1,1,1,1,1,1,1,1,1,1,70.00001526,380.962488,0.005487248,0.008283425,undefined,undefined
London Fashion Week,Event,26.4,36.25,13,10.6,13,6.5,10.6,26,45,18,11.25,0,16,53.25,8.4,15.75,5.25,8.6,10.5,13.5,28,0,4.75,4.4,14,22.5,0,4.75,0,16.2,5.25,12.2,41,4.75,7.2,9.75,13,21.75,0,0,3.4,0,8.75,6.8,22.75,4,6.4,4,1,1,1,1,0,0,1,1,1,1,1,0,1,1,1,1,0,0,1,1,1,1,1,0,1,1,1,1,0,0,1,1,1,1,1,0,1,1,1,1,0,0,1,1,1,1,1,0,582,318,-0.005750185,0.007915786,undefined,undefined
